Position,Name + ID,Name,ID,Roster Position,Salary,Game Info,TeamAbbrev,AvgPointsPerGame
C,Joel Embiid (19760143),Joel Embiid,19760143,C/UTIL,10600,PHI@NOP 10/20/2021 08:00PM ET,PHI,50.55
C,Nikola Jokic (19760145),Nikola Jokic,19760145,C/UTIL,10400,DEN@PHX 10/20/2021 10:00PM ET,DEN,57.18
PG,Damian Lillard (19760147),Damian Lillard,19760147,PG/G/UTIL,10100,SAC@POR 10/20/2021 10:00PM ET,POR,49.67
PF/C,Domantas Sabonis (19760150),Domantas Sabonis,19760150,PF/C/F/UTIL,9800,IND@CHA 10/20/2021 07:00PM ET,IND,49.34
C,Karl-Anthony Towns (19760154),Karl-Anthony Towns,19760154,C/UTIL,9700,HOU@MIN 10/20/2021 08:00PM ET,MIN,49.20
PG/SG,Donovan Mitchell (19760156),Donovan Mitchell,19760156,PG/SG/G/UTIL,9600,OKC@UTA 10/20/2021 09:00PM ET,UTA,43.80
SG,Bradley Beal (19760160),Bradley Beal,19760160,SG/G/UTIL,9500,WAS@TOR 10/20/2021 07:30PM ET,WAS,46.31
PF,Jayson Tatum (19760163),Jayson Tatum,19760163,PF/F/UTIL,9400,BOS@NYK 10/20/2021 07:30PM ET,BOS,46.68
PG,De'Aaron Fox (19760166),De'Aaron Fox,19760166,PG/G/UTIL,9300,SAC@POR 10/20/2021 10:00PM ET,SAC,43.95
PG,Ja Morant (19760169),Ja Morant,19760169,PG/G/UTIL,9100,CLE@MEM 10/20/2021 08:00PM ET,MEM,37.98
C,Nikola Vucevic (19760172),Nikola Vucevic,19760172,C/UTIL,9000,CHI@DET 10/20/2021 07:00PM ET,CHI,48.47
PF/C,Zion Williamson (19760174),Zion Williamson,19760174,PF/C/F/UTIL,8900,PHI@NOP 10/20/2021 08:00PM ET,NOP,43.80
PF/C,Julius Randle (19760178),Julius Randle,19760178,PF/C/F/UTIL,8800,BOS@NYK 10/20/2021 07:30PM ET,NYK,48.16
SG,Zach LaVine (19760182),Zach LaVine,19760182,SG/G/UTIL,8700,CHI@DET 10/20/2021 07:00PM ET,CHI,43.52
PF/C,Pascal Siakam (19760185),Pascal Siakam,19760185,PF/C/F/UTIL,8600,WAS@TOR 10/20/2021 07:30PM ET,TOR,40.59
PG,D'Angelo Russell (19760189),D'Angelo Russell,19760189,PG/G/UTIL,8500,HOU@MIN 10/20/2021 08:00PM ET,MIN,34.28
PG/SG,Collin Sexton (19760192),Collin Sexton,19760192,PG/SG/G/UTIL,8300,CLE@MEM 10/20/2021 08:00PM ET,CLE,36.63
PG/SG,Devin Booker (19760196),Devin Booker,19760196,PG/SG/G/UTIL,8200,DEN@PHX 10/20/2021 10:00PM ET,PHX,39.73
C,Rudy Gobert (19760200),Rudy Gobert,19760200,C/UTIL,8200,OKC@UTA 10/20/2021 09:00PM ET,UTA,39.39
SG/SF,Jaylen Brown (19760202),Jaylen Brown,19760202,SG/SF/F/G/UTIL,8100,BOS@NYK 10/20/2021 07:30PM ET,BOS,41.06
SG,Jamal Murray (19760209),Jamal Murray,19760209,SG/G/UTIL,8000,DEN@PHX 10/20/2021 10:00PM ET,DEN,36.94
C,Christian Wood (19760207),Christian Wood,19760207,C/UTIL,8000,HOU@MIN 10/20/2021 08:00PM ET,HOU,40.27
PG,John Wall (19760212),John Wall,19760212,PG/G/UTIL,7900,HOU@MIN 10/20/2021 08:00PM ET,HOU,38.13
PG/SG,Caris LeVert (19760215),Caris LeVert,19760215,PG/SG/G/UTIL,7800,IND@CHA 10/20/2021 07:00PM ET,IND,37.77
PG,Kevin Porter Jr. (19760219),Kevin Porter Jr.,19760219,PG/G/UTIL,7800,HOU@MIN 10/20/2021 08:00PM ET,HOU,32.32
PG,LaMelo Ball (19760222),LaMelo Ball,19760222,PG/G/UTIL,7700,IND@CHA 10/20/2021 07:00PM ET,CHA,35.68
SF/PF,Brandon Ingram (19760225),Brandon Ingram,19760225,SF/PF/F/UTIL,7700,PHI@NOP 10/20/2021 08:00PM ET,NOP,39.74
PG,Chris Paul (19760232),Chris Paul,19760232,PG/G/UTIL,7600,DEN@PHX 10/20/2021 10:00PM ET,PHX,38.89
PG,Darius Garland (19760235),Darius Garland,19760235,PG/G/UTIL,7600,CLE@MEM 10/20/2021 08:00PM ET,CLE,31.84
PF,Tobias Harris (19760229),Tobias Harris,19760229,PF/F/UTIL,7600,PHI@NOP 10/20/2021 08:00PM ET,PHI,37.44
PG,Malcolm Brogdon (19760238),Malcolm Brogdon,19760238,PG/G/UTIL,7500,IND@CHA 10/20/2021 07:00PM ET,IND,39.03
SF/PF,Gordon Hayward (19760245),Gordon Hayward,19760245,SF/PF/F/UTIL,7500,IND@CHA 10/20/2021 07:00PM ET,CHA,36.11
PG/SG,Fred VanVleet (19760241),Fred VanVleet,19760241,PG/SG/G/UTIL,7500,WAS@TOR 10/20/2021 07:30PM ET,TOR,40.02
PG/SG,Terry Rozier (19760249),Terry Rozier,19760249,PG/SG/G/UTIL,7400,IND@CHA 10/20/2021 07:00PM ET,CHA,36.33
C,Jonas Valanciunas (19760253),Jonas Valanciunas,19760253,C/UTIL,7400,PHI@NOP 10/20/2021 08:00PM ET,NOP,38.70
SF/PF,Harrison Barnes (19760255),Harrison Barnes,19760255,SF/PF/F/UTIL,7400,SAC@POR 10/20/2021 10:00PM ET,SAC,31.66
PG/SF,Ben Simmons (19760259),Ben Simmons,19760259,PG/SF/F/G/UTIL,7300,PHI@NOP 10/20/2021 08:00PM ET,PHI,37.46
PG,Shai Gilgeous-Alexander (19760264),Shai Gilgeous-Alexander,19760264,PG/G/UTIL,7200,OKC@UTA 10/20/2021 09:00PM ET,OKC,41
PG/SG,CJ McCollum (19760267),CJ McCollum,19760267,PG/SG/G/UTIL,7200,SAC@POR 10/20/2021 10:00PM ET,POR,38.84
SF,DeMar DeRozan (19760276),DeMar DeRozan,19760276,SF/F/UTIL,7100,CHI@DET 10/20/2021 07:00PM ET,CHI,38.90
SG/SF,Anthony Edwards (19760271),Anthony Edwards,19760271,SG/SF/F/G/UTIL,7100,HOU@MIN 10/20/2021 08:00PM ET,MIN,32.98
C,Deandre Ayton (19760279),Deandre Ayton,19760279,C/UTIL,7000,DEN@PHX 10/20/2021 10:00PM ET,PHX,34.05
SF/PF,Miles Bridges (19760281),Miles Bridges,19760281,SF/PF/F/UTIL,7000,IND@CHA 10/20/2021 07:00PM ET,CHA,27.06
SG/SF,Buddy Hield (19760285),Buddy Hield,19760285,SG/SF/F/G/UTIL,7000,SAC@POR 10/20/2021 10:00PM ET,SAC,31.61
C,Jusuf Nurkic (19760290),Jusuf Nurkic,19760290,C/UTIL,7000,SAC@POR 10/20/2021 10:00PM ET,POR,31.81
PG/SG,Tyrese Haliburton (19760292),Tyrese Haliburton,19760292,PG/SG/G/UTIL,7000,SAC@POR 10/20/2021 10:00PM ET,SAC,28.70
PG/SG,Derrick Rose (19760299),Derrick Rose,19760299,PG/SG/G/UTIL,6900,BOS@NYK 10/20/2021 07:30PM ET,NYK,27.26
PF/C,PJ Washington (19760303),PJ Washington,19760303,PF/C/F/UTIL,6900,IND@CHA 10/20/2021 07:00PM ET,CHA,29.45
PG,Lonzo Ball (19760296),Lonzo Ball,19760296,PG/G/UTIL,6900,CHI@DET 10/20/2021 07:00PM ET,CHI,33.92
PF,KJ Martin Jr. (19760310),KJ Martin Jr.,19760310,PF/F/UTIL,6800,HOU@MIN 10/20/2021 08:00PM ET,HOU,20.89
PG,Dejounte Murray (19760307),Dejounte Murray,19760307,PG/G/UTIL,6800,ORL@SAS 10/20/2021 08:30PM ET,SAS,36.16
PG,Kemba Walker (19760313),Kemba Walker,19760313,PG/G/UTIL,6700,BOS@NYK 10/20/2021 07:30PM ET,NYK,34.43
PG,Cole Anthony (19760316),Cole Anthony,19760316,PG/G/UTIL,6700,ORL@SAS 10/20/2021 08:30PM ET,ORL,26.41
SG,Dillon Brooks (19760319),Dillon Brooks,19760319,SG/G/UTIL,6600,CLE@MEM 10/20/2021 08:00PM ET,MEM,28.39
PG/SG,Nickeil Alexander-Walker (19760322),Nickeil Alexander-Walker,19760322,PG/SG/G/UTIL,6600,PHI@NOP 10/20/2021 08:00PM ET,NOP,21.36
PF,Jerami Grant (19760330),Jerami Grant,19760330,PF/F/UTIL,6500,CHI@DET 10/20/2021 07:00PM ET,DET,35.91
C,Jarrett Allen (19760326),Jarrett Allen,19760326,C/UTIL,6500,CLE@MEM 10/20/2021 08:00PM ET,CLE,31.56
C,Chris Boucher (19760328),Chris Boucher,19760328,C/UTIL,6500,WAS@TOR 10/20/2021 07:30PM ET,TOR,29.16
PG/SG,Marcus Smart (19760337),Marcus Smart,19760337,PG/SG/G/UTIL,6400,BOS@NYK 10/20/2021 07:30PM ET,BOS,30.24
SF,Michael Porter Jr. (19760341),Michael Porter Jr.,19760341,SF/F/UTIL,6400,DEN@PHX 10/20/2021 10:00PM ET,DEN,33.62
SF/PF,Saddiq Bey (19760333),Saddiq Bey,19760333,SF/PF/F/UTIL,6400,CHI@DET 10/20/2021 07:00PM ET,DET,22.73
C,Richaun Holmes (19760344),Richaun Holmes,19760344,C/UTIL,6300,SAC@POR 10/20/2021 10:00PM ET,SAC,31.40
PG/SG,Coby White (19760348),Coby White,19760348,PG/SG/G/UTIL,6200,CHI@DET 10/20/2021 07:00PM ET,CHI,29.06
PG,Mike Conley (19760352),Mike Conley,19760352,PG/G/UTIL,6200,OKC@UTA 10/20/2021 09:00PM ET,UTA,33.20
C,Khem Birch (19760346),Khem Birch,19760346,C/UTIL,6200,WAS@TOR 10/20/2021 07:30PM ET,TOR,19.24
C,Isaiah Stewart (19760370),Isaiah Stewart,19760370,C/UTIL,6100,CHI@DET 10/20/2021 07:00PM ET,DET,21.04
PF/C,Darius Bazley (19760362),Darius Bazley,19760362,PF/C/F/UTIL,6100,OKC@UTA 10/20/2021 09:00PM ET,OKC,27.32
PG/SG,Jordan Clarkson (19760366),Jordan Clarkson,19760366,PG/SG/G/UTIL,6100,OKC@UTA 10/20/2021 09:00PM ET,UTA,29.37
SF,OG Anunoby (19760355),OG Anunoby,19760355,SF/F/UTIL,6100,WAS@TOR 10/20/2021 07:30PM ET,TOR,31.01
PG/SG,Derrick White (19760358),Derrick White,19760358,PG/SG/G/UTIL,6100,ORL@SAS 10/20/2021 08:30PM ET,SAS,28.35
SG/SF,Evan Fournier (19760388),Evan Fournier,19760388,SG/SF/F/G/UTIL,6000,BOS@NYK 10/20/2021 07:30PM ET,NYK,29.14
C,Mason Plumlee (19760380),Mason Plumlee,19760380,C/UTIL,6000,IND@CHA 10/20/2021 07:00PM ET,CHA,30.29
PF/C,Kelly Olynyk (19760372),Kelly Olynyk,19760372,PF/C/F/UTIL,6000,CHI@DET 10/20/2021 07:00PM ET,DET,30.30
SG,Luguentz Dort (19760382),Luguentz Dort,19760382,SG/G/UTIL,6000,OKC@UTA 10/20/2021 09:00PM ET,OKC,23.89
SG,Khyri Thomas (19760385),Khyri Thomas,19760385,SG/G/UTIL,6000,HOU@MIN 10/20/2021 08:00PM ET,HOU,34.7
PG/SG,Malachi Flynn (19760376),Malachi Flynn,19760376,PG/SG/G/UTIL,6000,WAS@TOR 10/20/2021 07:30PM ET,TOR,17.03
PG,Dennis Schroder (19760412),Dennis Schroder,19760412,PG/G/UTIL,5900,BOS@NYK 10/20/2021 07:30PM ET,BOS,29.91
PG,T.J. McConnell (19760393),T.J. McConnell,19760393,PG/G/UTIL,5900,IND@CHA 10/20/2021 07:00PM ET,IND,26.82
PF/C,Jaren Jackson Jr. (19760415),Jaren Jackson Jr.,19760415,PF/C/F/UTIL,5900,CLE@MEM 10/20/2021 08:00PM ET,MEM,27.31
SG/SF,Eric Gordon (19760399),Eric Gordon,19760399,SG/SF/F/G/UTIL,5900,HOU@MIN 10/20/2021 08:00PM ET,HOU,26.78
SF,Terrence Ross (19760396),Terrence Ross,19760396,SF/F/UTIL,5900,ORL@SAS 10/20/2021 08:30PM ET,ORL,26.52
PF/C,Wendell Carter Jr. (19760408),Wendell Carter Jr.,19760408,PF/C/F/UTIL,5900,ORL@SAS 10/20/2021 08:30PM ET,ORL,27.00
PF/C,Marvin Bagley III (19760404),Marvin Bagley III,19760404,PF/C/F/UTIL,5900,SAC@POR 10/20/2021 10:00PM ET,SAC,26.96
PG/SG,Cory Joseph (19760430),Cory Joseph,19760430,PG/SG/G/UTIL,5800,CHI@DET 10/20/2021 07:00PM ET,DET,18.72
SF/PF,Bojan Bogdanovic (19760426),Bojan Bogdanovic,19760426,SF/PF/F/UTIL,5800,OKC@UTA 10/20/2021 09:00PM ET,UTA,26.65
PF/C,Kevin Love (19760419),Kevin Love,19760419,PF/C/F/UTIL,5800,CLE@MEM 10/20/2021 08:00PM ET,CLE,27.4
SF,Jae'Sean Tate (19760423),Jae'Sean Tate,19760423,SF/F/UTIL,5800,HOU@MIN 10/20/2021 08:00PM ET,HOU,25.09
SG,Seth Curry (19760434),Seth Curry,19760434,SG/G/UTIL,5800,PHI@NOP 10/20/2021 08:00PM ET,PHI,23.05
PG/SF,RJ Barrett (19760450),RJ Barrett,19760450,PG/SF/F/G/UTIL,5700,BOS@NYK 10/20/2021 07:30PM ET,NYK,31.29
PF,Jae Crowder (19760457),Jae Crowder,19760457,PF/F/UTIL,5700,DEN@PHX 10/20/2021 10:00PM ET,PHX,23.21
C,Myles Turner (19760455),Myles Turner,19760455,C/UTIL,5700,IND@CHA 10/20/2021 07:00PM ET,IND,30.98
PG,Devonte' Graham (19760444),Devonte' Graham,19760444,PG/G/UTIL,5700,PHI@NOP 10/20/2021 08:00PM ET,NOP,28.90
C,Mo Bamba (19760437),Mo Bamba,19760437,C/UTIL,5700,ORL@SAS 10/20/2021 08:30PM ET,ORL,19.60
SG/SF,Terence Davis (19760439),Terence Davis,19760439,SG/SF/F/G/UTIL,5700,SAC@POR 10/20/2021 10:00PM ET,SAC,16.12
SF,Norman Powell (19760447),Norman Powell,19760447,SF/F/UTIL,5700,SAC@POR 10/20/2021 10:00PM ET,POR,28.41
SG/SF,Kelly Oubre Jr. (19760460),Kelly Oubre Jr.,19760460,SG/SF/F/G/UTIL,5600,IND@CHA 10/20/2021 07:00PM ET,CHA,28.85
PF,Royce O'Neale (19760465),Royce O'Neale,19760465,PF/F/UTIL,5600,OKC@UTA 10/20/2021 09:00PM ET,UTA,22.78
SG/SF,Josh Jackson (19760468),Josh Jackson,19760468,SG/SF/F/G/UTIL,5500,CHI@DET 10/20/2021 07:00PM ET,DET,24.68
PG,Killian Hayes (19760477),Killian Hayes,19760477,PG/G/UTIL,5500,CHI@DET 10/20/2021 07:00PM ET,DET,19.68
SG/SF,Joe Ingles (19760480),Joe Ingles,19760480,SG/SF/F/G/UTIL,5500,OKC@UTA 10/20/2021 09:00PM ET,UTA,25.31
PG/SG,R.J. Hampton (19760473),R.J. Hampton,19760473,PG/SG/G/UTIL,5500,ORL@SAS 10/20/2021 08:30PM ET,ORL,14.94
SF/PF,Kyle Anderson (19760485),Kyle Anderson,19760485,SF/PF/F/UTIL,5400,CLE@MEM 10/20/2021 08:00PM ET,MEM,29.00
C,Guillermo Hernangomez (19760489),Guillermo Hernangomez,19760489,C/UTIL,5400,PHI@NOP 10/20/2021 08:00PM ET,NOP,20.16
SF/PF,Josh Hart (19760491),Josh Hart,19760491,SF/PF/F/UTIL,5400,PHI@NOP 10/20/2021 08:00PM ET,NOP,25.24
C,Tristan Thompson (19760495),Tristan Thompson,19760495,C/UTIL,5400,SAC@POR 10/20/2021 10:00PM ET,SAC,22.04
PF/C,Oshae Brissett (19760510),Oshae Brissett,19760510,PF/C/F/UTIL,5300,IND@CHA 10/20/2021 07:00PM ET,IND,23.96
SG/SF,Malik Beasley (19760497),Malik Beasley,19760497,SG/SF/F/G/UTIL,5300,HOU@MIN 10/20/2021 08:00PM ET,MIN,31.53
PF/C,Daniel Theis (19760514),Daniel Theis,19760514,PF/C/F/UTIL,5300,HOU@MIN 10/20/2021 08:00PM ET,HOU,22.01
PF,Naji Marshall (19760507),Naji Marshall,19760507,PF/F/UTIL,5300,PHI@NOP 10/20/2021 08:00PM ET,NOP,19.84
SG/SF,Gary Trent Jr. (19760502),Gary Trent Jr.,19760502,SG/SF/F/G/UTIL,5300,WAS@TOR 10/20/2021 07:30PM ET,TOR,23.98
SG/SF,Will Barton (19760524),Will Barton,19760524,SG/SF/F/G/UTIL,5200,DEN@PHX 10/20/2021 10:00PM ET,DEN,25.37
C,Hassan Whiteside (19760518),Hassan Whiteside,19760518,C/UTIL,5200,OKC@UTA 10/20/2021 09:00PM ET,UTA,19.10
SF,Isaac Okoro (19760529),Isaac Okoro,19760529,SF/F/UTIL,5200,CLE@MEM 10/20/2021 08:00PM ET,CLE,18.76
PG,Ricky Rubio (19760532),Ricky Rubio,19760532,PG/G/UTIL,5200,CLE@MEM 10/20/2021 08:00PM ET,CLE,24.97
C,Andre Drummond (19760535),Andre Drummond,19760535,C/UTIL,5200,PHI@NOP 10/20/2021 08:00PM ET,PHI,35.81
PF/C,Robert Covington (19760520),Robert Covington,19760520,PF/C/F/UTIL,5200,SAC@POR 10/20/2021 10:00PM ET,POR,25.33
C,Mitchell Robinson (19760541),Mitchell Robinson,19760541,C/UTIL,5100,BOS@NYK 10/20/2021 07:30PM ET,NYK,24.23
C,Robert Williams (19760543),Robert Williams,19760543,C/UTIL,5100,BOS@NYK 10/20/2021 07:30PM ET,BOS,23.72
SF,Justin Holiday (19760545),Justin Holiday,19760545,SF/F/UTIL,5100,IND@CHA 10/20/2021 07:00PM ET,IND,21.41
SF/PF,Aleksej Pokusevski (19760552),Aleksej Pokusevski,19760552,SF/PF/F/UTIL,5100,OKC@UTA 10/20/2021 09:00PM ET,OKC,19.61
PG/SG,Armoni Brooks (19760537),Armoni Brooks,19760537,PG/SG/G/UTIL,5100,HOU@MIN 10/20/2021 08:00PM ET,HOU,20.3
SF/PF,Kyle Kuzma (19760548),Kyle Kuzma,19760548,SF/PF/F/UTIL,5100,WAS@TOR 10/20/2021 07:30PM ET,WAS,25
PF,Keldon Johnson (19760556),Keldon Johnson,19760556,PF/F/UTIL,5100,ORL@SAS 10/20/2021 08:30PM ET,SAS,24.81
PG,Markelle Fultz (19760559),Markelle Fultz,19760559,PG/G/UTIL,5100,ORL@SAS 10/20/2021 08:30PM ET,ORL,26.66
PG,Monte Morris (19760568),Monte Morris,19760568,PG/G/UTIL,5000,DEN@PHX 10/20/2021 10:00PM ET,DEN,21.17
SG/SF,Mikal Bridges (19760574),Mikal Bridges,19760574,SG/SF/F/G/UTIL,5000,DEN@PHX 10/20/2021 10:00PM ET,PHX,25.56
PF,Aaron Gordon (19760579),Aaron Gordon,19760579,PF/F/UTIL,5000,DEN@PHX 10/20/2021 10:00PM ET,DEN,26.01
PG,Goran Dragic (19760571),Goran Dragic,19760571,PG/G/UTIL,5000,WAS@TOR 10/20/2021 07:30PM ET,TOR,25.64
SF/PF,Thaddeus Young (19760562),Thaddeus Young,19760562,SF/PF/F/UTIL,5000,ORL@SAS 10/20/2021 08:30PM ET,SAS,28.89
C,Jakob Poeltl (19760566),Jakob Poeltl,19760566,C/UTIL,5000,ORL@SAS 10/20/2021 08:30PM ET,SAS,26.21
PF,Jalen McDaniels (19760587),Jalen McDaniels,19760587,PF/F/UTIL,4900,IND@CHA 10/20/2021 07:00PM ET,CHA,15.42
PG,Spencer Dinwiddie (19760582),Spencer Dinwiddie,19760582,PG/G/UTIL,4900,WAS@TOR 10/20/2021 07:30PM ET,WAS,18.08
C,Daniel Gafford (19760585),Daniel Gafford,19760585,C/UTIL,4900,WAS@TOR 10/20/2021 07:30PM ET,WAS,17.90
SG/SF,Hamidou Diallo (19760595),Hamidou Diallo,19760595,SG/SF/F/G/UTIL,4800,CHI@DET 10/20/2021 07:00PM ET,DET,23.31
SG/SF,Cedi Osman (19760590),Cedi Osman,19760590,SG/SF/F/G/UTIL,4800,CLE@MEM 10/20/2021 08:00PM ET,CLE,21.39
C,Steven Adams (19760600),Steven Adams,19760600,C/UTIL,4700,CLE@MEM 10/20/2021 08:00PM ET,MEM,24.39
C,Jaxson Hayes (19760610),Jaxson Hayes,19760610,C/UTIL,4700,PHI@NOP 10/20/2021 08:00PM ET,NOP,15.54
PF/C,Rui Hachimura (19760602),Rui Hachimura,19760602,PF/C/F/UTIL,4700,WAS@TOR 10/20/2021 07:30PM ET,WAS,24.56
SF/PF,Chuma Okeke (19760606),Chuma Okeke,19760606,SF/PF/F/UTIL,4700,ORL@SAS 10/20/2021 08:30PM ET,ORL,19.38
SF/PF,Doug McDermott (19760612),Doug McDermott,19760612,SF/PF/F/UTIL,4700,ORL@SAS 10/20/2021 08:30PM ET,SAS,21.04
PF/C,Isaiah Roby (19760620),Isaiah Roby,19760620,PF/C/F/UTIL,4600,OKC@UTA 10/20/2021 09:00PM ET,OKC,20.68
SF/PF,Freddie Gillespie (19760624),Freddie Gillespie,19760624,SF/PF/F/UTIL,4600,WAS@TOR 10/20/2021 07:30PM ET,TOR,15.29
C,Thomas Bryant (19760632),Thomas Bryant,19760632,C/UTIL,4600,WAS@TOR 10/20/2021 07:30PM ET,WAS,26.62
SF/PF,Larry Nance Jr. (19760616),Larry Nance Jr.,19760616,SF/PF/F/UTIL,4600,SAC@POR 10/20/2021 10:00PM ET,POR,26.79
SF/PF,Moe Harkless (19760628),Moe Harkless,19760628,SF/PF/F/UTIL,4600,SAC@POR 10/20/2021 10:00PM ET,SAC,12.75
SF/PF,T.J. Warren (19760645),T.J. Warren,19760645,SF/PF/F/UTIL,4500,IND@CHA 10/20/2021 07:00PM ET,IND,22.25
PF/C,Evan Mobley (19760641),Evan Mobley,19760641,PF/C/F/UTIL,4500,CLE@MEM 10/20/2021 08:00PM ET,CLE,0
PG/SF,Michael Carter-Williams (19760636),Michael Carter-Williams,19760636,PG/SF/F/G/UTIL,4500,ORL@SAS 10/20/2021 08:30PM ET,ORL,22.52
C,Cody Zeller (19760634),Cody Zeller,19760634,C/UTIL,4500,SAC@POR 10/20/2021 10:00PM ET,POR,22.31
SG/SF,Alec Burks (19760649),Alec Burks,19760649,SG/SF/F/G/UTIL,4400,BOS@NYK 10/20/2021 07:30PM ET,NYK,24.32
PF,Stanley Johnson (19760662),Stanley Johnson,19760662,PF/F/UTIL,4400,CHI@DET 10/20/2021 07:00PM ET,CHI,11.99
SG,Theo Maledon (19760665),Theo Maledon,19760665,SG/G/UTIL,4400,OKC@UTA 10/20/2021 09:00PM ET,OKC,21.23
PF/C,Jarred Vanderbilt (19760658),Jarred Vanderbilt,19760658,PF/C/F/UTIL,4400,HOU@MIN 10/20/2021 08:00PM ET,MIN,17.44
SG/SF,Danuel House Jr. (19760671),Danuel House Jr.,19760671,SG/SF/F/G/UTIL,4400,HOU@MIN 10/20/2021 08:00PM ET,HOU,18.46
SG,Gary Harris (19760668),Gary Harris,19760668,SG/G/UTIL,4400,ORL@SAS 10/20/2021 08:30PM ET,ORL,17.62
PF/C,Chimezie Metu (19760654),Chimezie Metu,19760654,PF/C/F/UTIL,4400,SAC@POR 10/20/2021 10:00PM ET,SAC,12.89
C,Nerlens Noel (19760690),Nerlens Noel,19760690,C/UTIL,4300,BOS@NYK 10/20/2021 07:30PM ET,NYK,19.65
SF/PF,Cameron Johnson (19760697),Cameron Johnson,19760697,SF/PF/F/UTIL,4300,DEN@PHX 10/20/2021 10:00PM ET,PHX,17.64
PG/SG,Frank Jackson (19760676),Frank Jackson,19760676,PG/SG/G/UTIL,4300,CHI@DET 10/20/2021 07:00PM ET,DET,14.92
PG,D.J. Augustin (19760680),D.J. Augustin,19760680,PG/G/UTIL,4300,HOU@MIN 10/20/2021 08:00PM ET,HOU,16.51
PG,Patrick Beverley (19760683),Patrick Beverley,19760683,PG/G/UTIL,4300,HOU@MIN 10/20/2021 08:00PM ET,MIN,16.45
PF/C,Naz Reid (19760686),Naz Reid,19760686,PF/C/F/UTIL,4300,HOU@MIN 10/20/2021 08:00PM ET,MIN,21.6
SG/SF,Furkan Korkmaz (19760692),Furkan Korkmaz,19760692,SG/SF/F/G/UTIL,4300,PHI@NOP 10/20/2021 08:00PM ET,PHI,15.79
PF/C,Taj Gibson (19760725),Taj Gibson,19760725,PF/C/F/UTIL,4200,BOS@NYK 10/20/2021 07:30PM ET,NYK,17.14
PG,Ish Smith (19760718),Ish Smith,19760718,PG/G/UTIL,4200,IND@CHA 10/20/2021 07:00PM ET,CHA,19.03
SF/PF,Patrick Williams (19760714),Patrick Williams,19760714,SF/PF/F/UTIL,4200,CHI@DET 10/20/2021 07:00PM ET,CHI,19.93
PG/SG,Ty Jerome (19760705),Ty Jerome,19760705,PG/SG/G/UTIL,4200,OKC@UTA 10/20/2021 09:00PM ET,OKC,21.54
PG/SG,Jalen Green (19760721),Jalen Green,19760721,PG/SG/G/UTIL,4200,HOU@MIN 10/20/2021 08:00PM ET,HOU,0
PF/C,Moritz Wagner (19760701),Moritz Wagner,19760701,PF/C/F/UTIL,4200,ORL@SAS 10/20/2021 08:30PM ET,ORL,14.47
PF,Ignas Brazdeikis (19760711),Ignas Brazdeikis,19760711,PF/F/UTIL,4200,ORL@SAS 10/20/2021 08:30PM ET,ORL,14.33
C,Damian Jones (19760709),Damian Jones,19760709,C/UTIL,4200,SAC@POR 10/20/2021 10:00PM ET,SAC,11.46
PG/SG,Cade Cunningham (19760740),Cade Cunningham,19760740,PG/SG/G/UTIL,4100,CHI@DET 10/20/2021 07:00PM ET,DET,0
SF/PF,Lauri Markkanen (19760736),Lauri Markkanen,19760736,SF/PF/F/UTIL,4100,CLE@MEM 10/20/2021 08:00PM ET,CLE,23.84
SF/PF,Taurean Prince (19760729),Taurean Prince,19760729,SF/PF/F/UTIL,4100,HOU@MIN 10/20/2021 08:00PM ET,MIN,19.27
SF,Danny Green (19760733),Danny Green,19760733,SF/F/UTIL,4100,PHI@NOP 10/20/2021 08:00PM ET,PHI,21.56
PG,Facundo Campazzo (19760758),Facundo Campazzo,19760758,PG/G/UTIL,4000,DEN@PHX 10/20/2021 10:00PM ET,DEN,17.74
SF/PF,Rudy Gay (19760773),Rudy Gay,19760773,SF/PF/F/UTIL,4000,OKC@UTA 10/20/2021 09:00PM ET,UTA,22.66
SF,Kenrich Williams (19760777),Kenrich Williams,19760777,SF/F/UTIL,4000,OKC@UTA 10/20/2021 09:00PM ET,OKC,18.60
SF/PF,Dean Wade (19760744),Dean Wade,19760744,SF/PF/F/UTIL,4000,CLE@MEM 10/20/2021 08:00PM ET,CLE,14.18
SF,Anthony Lamb (19760766),Anthony Lamb,19760766,SF/F/UTIL,4000,HOU@MIN 10/20/2021 08:00PM ET,HOU,11.62
PG,Tyrese Maxey (19760748),Tyrese Maxey,19760748,PG/G/UTIL,4000,PHI@NOP 10/20/2021 08:00PM ET,PHI,13.92
PG/SG,Raul Neto (19760780),Raul Neto,19760780,PG/SG/G/UTIL,4000,WAS@TOR 10/20/2021 07:30PM ET,WAS,17.14
SF,James Ennis III (19760751),James Ennis III,19760751,SF/F/UTIL,4000,ORL@SAS 10/20/2021 08:30PM ET,ORL,17.79
SG/SF,Lonnie Walker IV (19760761),Lonnie Walker IV,19760761,SG/SF/F/G/UTIL,4000,ORL@SAS 10/20/2021 08:30PM ET,SAS,18.68
PG/SG,Jalen Suggs (19760769),Jalen Suggs,19760769,PG/SG/G/UTIL,4000,ORL@SAS 10/20/2021 08:30PM ET,ORL,0
SF/PF,Louis King (19760754),Louis King,19760754,SF/PF/F/UTIL,4000,SAC@POR 10/20/2021 10:00PM ET,SAC,16.67
SG/SF,Josh Richardson (19760797),Josh Richardson,19760797,SG/SF/F/G/UTIL,3900,BOS@NYK 10/20/2021 07:30PM ET,BOS,21.52
PG/SG,Cameron Payne (19760787),Cameron Payne,19760787,PG/SG/G/UTIL,3900,DEN@PHX 10/20/2021 10:00PM ET,PHX,19.00
PG,Saben Lee (19760794),Saben Lee,19760794,PG/G/UTIL,3900,CHI@DET 10/20/2021 07:00PM ET,DET,14.91
PF,Yuta Watanabe (19760784),Yuta Watanabe,19760784,PF/F/UTIL,3900,WAS@TOR 10/20/2021 07:30PM ET,TOR,11.50
PF,Davis Bertans (19760791),Davis Bertans,19760791,PF/F/UTIL,3900,WAS@TOR 10/20/2021 07:30PM ET,WAS,18.68
C,Alex Len (19760802),Alex Len,19760802,C/UTIL,3900,SAC@POR 10/20/2021 10:00PM ET,SAC,14.59
SG,Dwayne Bacon (19760804),Dwayne Bacon,19760804,SG/G/UTIL,3800,BOS@NYK 10/20/2021 07:30PM ET,NYK,18.25
SG/SF,PJ Dozier (19760807),PJ Dozier,19760807,SG/SF/F/G/UTIL,3800,DEN@PHX 10/20/2021 10:00PM ET,DEN,17.14
SG/SF,Jeremy Lamb (19760820),Jeremy Lamb,19760820,SG/SF/F/G/UTIL,3800,IND@CHA 10/20/2021 07:00PM ET,IND,20.42
SF,Josh Giddey (19760817),Josh Giddey,19760817,SF/F/UTIL,3800,OKC@UTA 10/20/2021 09:00PM ET,OKC,0
SG/SF,Ziaire Williams (19760812),Ziaire Williams,19760812,SG/SF/F/G/UTIL,3800,CLE@MEM 10/20/2021 08:00PM ET,MEM,0
SG/SF,Garrett Temple (19760825),Garrett Temple,19760825,SG/SF/F/G/UTIL,3800,PHI@NOP 10/20/2021 08:00PM ET,NOP,17.13
PG/SG,Austin Rivers (19760840),Austin Rivers,19760840,PG/SG/G/UTIL,3700,DEN@PHX 10/20/2021 10:00PM ET,DEN,16.14
SF/PF,Kelan Martin (19760833),Kelan Martin,19760833,SF/PF/F/UTIL,3700,IND@CHA 10/20/2021 07:00PM ET,IND,9.87
SF,Gabriel Deck (19760837),Gabriel Deck,19760837,SF/F/UTIL,3700,OKC@UTA 10/20/2021 09:00PM ET,OKC,18.4
SG/SF,Jarrett Culver (19760846),Jarrett Culver,19760846,SG/SF/F/G/UTIL,3700,CLE@MEM 10/20/2021 08:00PM ET,MEM,11.53
SG,David Nwaba (19760830),David Nwaba,19760830,SG/G/UTIL,3700,HOU@MIN 10/20/2021 08:00PM ET,HOU,19.12
C,Montrezl Harrell (19760844),Montrezl Harrell,19760844,C/UTIL,3700,WAS@TOR 10/20/2021 07:30PM ET,WAS,24.17
SF/PF,Obi Toppin (19760854),Obi Toppin,19760854,SF/PF/F/UTIL,3600,BOS@NYK 10/20/2021 07:30PM ET,NYK,8.77
C,Derrick Favors (19760865),Derrick Favors,19760865,C/UTIL,3600,OKC@UTA 10/20/2021 09:00PM ET,OKC,15.32
PG/SG,De'Anthony Melton (19760861),De'Anthony Melton,19760861,PG/SG/G/UTIL,3600,CLE@MEM 10/20/2021 08:00PM ET,MEM,19.48
PF,Jaden McDaniels (19760851),Jaden McDaniels,19760851,PF/F/UTIL,3600,HOU@MIN 10/20/2021 08:00PM ET,MIN,16.29
PG,Aaron Holiday (19760858),Aaron Holiday,19760858,PG/G/UTIL,3600,WAS@TOR 10/20/2021 07:30PM ET,WAS,13.47
PG,Davion Mitchell (19760867),Davion Mitchell,19760867,PG/G/UTIL,3600,SAC@POR 10/20/2021 10:00PM ET,SAC,0
PF/C,JaMychal Green (19760881),JaMychal Green,19760881,PF/C/F/UTIL,3500,DEN@PHX 10/20/2021 10:00PM ET,DEN,16.97
SG/SF,Cody Martin (19760870),Cody Martin,19760870,SG/SF/F/G/UTIL,3500,IND@CHA 10/20/2021 07:00PM ET,CHA,12.01
C,Goga Bitadze (19760879),Goga Bitadze,19760879,C/UTIL,3500,IND@CHA 10/20/2021 07:00PM ET,IND,14.03
PG/SG,Alex Caruso (19760894),Alex Caruso,19760894,PG/SG/G/UTIL,3500,CHI@DET 10/20/2021 07:00PM ET,CHI,16.26
SF/PF,Eric Paschall (19760887),Eric Paschall,19760887,SF/PF/F/UTIL,3500,OKC@UTA 10/20/2021 09:00PM ET,UTA,16.08
PG,Tomas Satoransky (19760891),Tomas Satoransky,19760891,PG/G/UTIL,3500,PHI@NOP 10/20/2021 08:00PM ET,NOP,19.20
SF,Matisse Thybulle (19760898),Matisse Thybulle,19760898,SF/F/UTIL,3500,PHI@NOP 10/20/2021 08:00PM ET,PHI,13.11
SF/PF,Deni Avdija (19760875),Deni Avdija,19760875,SF/PF/F/UTIL,3500,WAS@TOR 10/20/2021 07:30PM ET,WAS,16.12
C,Robin Lopez (19760885),Robin Lopez,19760885,C/UTIL,3500,ORL@SAS 10/20/2021 08:30PM ET,ORL,15.78
C,Enes Kanter (19760905),Enes Kanter,19760905,C/UTIL,3400,BOS@NYK 10/20/2021 07:30PM ET,BOS,27.65
C,Dario Saric (19760912),Dario Saric,19760912,C/UTIL,3400,DEN@PHX 10/20/2021 10:00PM ET,PHX,15.15
PF,Torrey Craig (19760926),Torrey Craig,19760926,PF/F/UTIL,3400,IND@CHA 10/20/2021 07:00PM ET,IND,12.69
PG/SG,Tre Mann (19760932),Tre Mann,19760932,PG/SG/G/UTIL,3400,OKC@UTA 10/20/2021 09:00PM ET,OKC,0
PG/SG,Jared Butler (19760936),Jared Butler,19760936,PG/SG/G/UTIL,3400,OKC@UTA 10/20/2021 09:00PM ET,UTA,0
SG/SF,Denzel Valentine (19760914),Denzel Valentine,19760914,SG/SF/F/G/UTIL,3400,CLE@MEM 10/20/2021 08:00PM ET,CLE,14.56
PG/SG,Kira Lewis Jr. (19760901),Kira Lewis Jr.,19760901,PG/SG/G/UTIL,3400,PHI@NOP 10/20/2021 08:00PM ET,NOP,13.27
SG/SF,Kentavious Caldwell-Pope (19760907),Kentavious Caldwell-Pope,19760907,SG/SF/F/G/UTIL,3400,WAS@TOR 10/20/2021 07:30PM ET,WAS,18.68
SF/PF,Scottie Barnes (19760919),Scottie Barnes,19760919,SF/PF/F/UTIL,3400,WAS@TOR 10/20/2021 07:30PM ET,TOR,0
SG,Sindarius Thornwell (19760923),Sindarius Thornwell,19760923,SG/G/UTIL,3400,ORL@SAS 10/20/2021 08:30PM ET,ORL,5.95
SG,Joshua Primo (19760929),Joshua Primo,19760929,SG/G/UTIL,3400,ORL@SAS 10/20/2021 08:30PM ET,SAS,0
SG/SF,Romeo Langford (19760942),Romeo Langford,19760942,SG/SF/F/G/UTIL,3300,BOS@NYK 10/20/2021 07:30PM ET,BOS,9.36
SF/PF,Jeff Green (19760967),Jeff Green,19760967,SF/PF/F/UTIL,3300,DEN@PHX 10/20/2021 10:00PM ET,DEN,20.14
SF/PF,Abdel Nader (19760988),Abdel Nader,19760988,SF/PF/F/UTIL,3300,DEN@PHX 10/20/2021 10:00PM ET,PHX,10.82
SG,Chris Duarte (19760976),Chris Duarte,19760976,SG/G/UTIL,3300,IND@CHA 10/20/2021 07:00PM ET,IND,0
SF/PF,Arnoldas Kulboka (19760997),Arnoldas Kulboka,19760997,SF/PF/F/UTIL,3300,IND@CHA 10/20/2021 07:00PM ET,CHA,0
SF/PF,Derrick Jones Jr. (19760955),Derrick Jones Jr.,19760955,SF/PF/F/UTIL,3300,CHI@DET 10/20/2021 07:00PM ET,CHI,15.27
SG/SF,Troy Brown Jr. (19760979),Troy Brown Jr.,19760979,SG/SF/F/G/UTIL,3300,CHI@DET 10/20/2021 07:00PM ET,CHI,10.85
C,Luka Garza (19761001),Luka Garza,19761001,C/UTIL,3300,CHI@DET 10/20/2021 07:00PM ET,DET,0
C,Mike Muscala (19760971),Mike Muscala,19760971,C/UTIL,3300,OKC@UTA 10/20/2021 09:00PM ET,OKC,17.36
C,Marc Gasol (19760940),Marc Gasol,19760940,C/UTIL,3300,CLE@MEM 10/20/2021 08:00PM ET,MEM,16.68
PF/C,Santi Aldama (19760984),Santi Aldama,19760984,PF/C/F/UTIL,3300,CLE@MEM 10/20/2021 08:00PM ET,MEM,0
SF,Josh Okogie (19760964),Josh Okogie,19760964,SF/F/UTIL,3300,HOU@MIN 10/20/2021 08:00PM ET,MIN,12.92
SG/SF,Josh Christopher (19760992),Josh Christopher,19760992,SG/SF/F/G/UTIL,3300,HOU@MIN 10/20/2021 08:00PM ET,HOU,0
SG,Shaquille Harrison (19761003),Shaquille Harrison,19761003,SG/G/UTIL,3300,PHI@NOP 10/20/2021 08:00PM ET,PHI,5.67
SG/SF,Svi Mykhailiuk (19760950),Svi Mykhailiuk,19760950,SG/SF/F/G/UTIL,3300,WAS@TOR 10/20/2021 07:30PM ET,TOR,16.10
SG/SF,Devin Vassell (19760959),Devin Vassell,19760959,SG/SF/F/G/UTIL,3300,ORL@SAS 10/20/2021 08:30PM ET,SAS,12.46
PF,Marquese Chriss (19760947),Marquese Chriss,19760947,PF/F/UTIL,3300,SAC@POR 10/20/2021 10:00PM ET,POR,17.88
SG,Ben McLemore (19760973),Ben McLemore,19760973,SG/G/UTIL,3300,SAC@POR 10/20/2021 10:00PM ET,POR,12.28
PG,Payton Pritchard (19761006),Payton Pritchard,19761006,PG/G/UTIL,3200,BOS@NYK 10/20/2021 07:30PM ET,BOS,14.66
PG,Immanuel Quickley (19761029),Immanuel Quickley,19761029,PG/G/UTIL,3200,BOS@NYK 10/20/2021 07:30PM ET,NYK,18.22
C,JaVale McGee (19761048),JaVale McGee,19761048,C/UTIL,3200,DEN@PHX 10/20/2021 10:00PM ET,PHX,17.06
C,Petr Cornelie (19761056),Petr Cornelie,19761056,C/UTIL,3200,DEN@PHX 10/20/2021 10:00PM ET,DEN,0
C,Kai Jones (19761054),Kai Jones,19761054,C/UTIL,3200,IND@CHA 10/20/2021 07:00PM ET,CHA,0
C,Marko Simonovic (19761040),Marko Simonovic,19761040,C/UTIL,3200,CHI@DET 10/20/2021 07:00PM ET,CHI,0
PF/C,Trey Lyles (19761058),Trey Lyles,19761058,PF/C/F/UTIL,3200,CHI@DET 10/20/2021 07:00PM ET,DET,11.44
SG,Trent Forrest (19761012),Trent Forrest,19761012,SG/G/UTIL,3200,OKC@UTA 10/20/2021 09:00PM ET,UTA,6.84
PF,Jaylen Hoard (19761037),Jaylen Hoard,19761037,PF/F/UTIL,3200,OKC@UTA 10/20/2021 09:00PM ET,OKC,13.72
SF,Desmond Bane (19761009),Desmond Bane,19761009,SF/F/UTIL,3200,CLE@MEM 10/20/2021 08:00PM ET,MEM,17.57
SG,Justin James (19761015),Justin James,19761015,SG/G/UTIL,3200,CLE@MEM 10/20/2021 08:00PM ET,CLE,6.42
PG,Jordan McLaughlin (19761026),Jordan McLaughlin,19761026,PG/G/UTIL,3200,HOU@MIN 10/20/2021 08:00PM ET,MIN,15.40
PF/C,Usman Garuba (19761050),Usman Garuba,19761050,PF/C/F/UTIL,3200,HOU@MIN 10/20/2021 08:00PM ET,HOU,0
SG/SF,Trey Murphy III (19761018),Trey Murphy III,19761018,SG/SF/F/G/UTIL,3200,PHI@NOP 10/20/2021 08:00PM ET,NOP,0
SF,Aaron Henry (19761042),Aaron Henry,19761042,SF/F/UTIL,3200,PHI@NOP 10/20/2021 08:00PM ET,PHI,0
SF,Didi Louzada (19761062),Didi Louzada,19761062,SF/F/UTIL,3200,PHI@NOP 10/20/2021 08:00PM ET,NOP,6.58
SG/SF,Corey Kispert (19761032),Corey Kispert,19761032,SG/SF/F/G/UTIL,3200,WAS@TOR 10/20/2021 07:30PM ET,WAS,0
SG,Bryn Forbes (19761023),Bryn Forbes,19761023,SG/G/UTIL,3200,ORL@SAS 10/20/2021 08:30PM ET,SAS,13.46
PG,Dennis Smith Jr. (19761045),Dennis Smith Jr.,19761045,PG/G/UTIL,3200,SAC@POR 10/20/2021 10:00PM ET,POR,17.97
PG/SG,Jahmi'us Ramsey (19761065),Jahmi'us Ramsey,19761065,PG/SG/G/UTIL,3200,SAC@POR 10/20/2021 10:00PM ET,SAC,5.58
PF,Juancho Hernangomez (19761073),Juancho Hernangomez,19761073,PF/F/UTIL,3100,BOS@NYK 10/20/2021 07:30PM ET,BOS,14.42
C,Jericho Sims (19761100),Jericho Sims,19761100,C/UTIL,3100,BOS@NYK 10/20/2021 07:30PM ET,NYK,0
PG,Chasson Randle (19761084),Chasson Randle,19761084,PG/G/UTIL,3100,DEN@PHX 10/20/2021 10:00PM ET,PHX,12.99
SG,Davon Reed (19761104),Davon Reed,19761104,SG/G/UTIL,3100,DEN@PHX 10/20/2021 10:00PM ET,DEN,0
PF,JT Thor (19761109),JT Thor,19761109,PF/F/UTIL,3100,IND@CHA 10/20/2021 07:00PM ET,CHA,0
PF,Jamorko Pickett (19761097),Jamorko Pickett,19761097,PF/F/UTIL,3100,CHI@DET 10/20/2021 07:00PM ET,DET,0
PF,Ersan Ilyasova (19761123),Ersan Ilyasova,19761123,PF/F/UTIL,3100,OKC@UTA 10/20/2021 09:00PM ET,UTA,7.90
PF/C,Xavier Tillman (19761076),Xavier Tillman,19761076,PF/C/F/UTIL,3100,CLE@MEM 10/20/2021 08:00PM ET,MEM,15.78
C,Ed Davis (19761102),Ed Davis,19761102,C/UTIL,3100,CLE@MEM 10/20/2021 08:00PM ET,CLE,11.82
PG/SG,Jaylen Nowell (19761080),Jaylen Nowell,19761080,PG/SG/G/UTIL,3100,HOU@MIN 10/20/2021 08:00PM ET,MIN,15.95
PG,Daishen Nix (19761117),Daishen Nix,19761117,PG/G/UTIL,3100,HOU@MIN 10/20/2021 08:00PM ET,HOU,0
SG,Isaiah Joe (19761087),Isaiah Joe,19761087,SG/G/UTIL,3100,PHI@NOP 10/20/2021 08:00PM ET,PHI,6.17
SF,Herbert Jones (19761120),Herbert Jones,19761120,SF/F/UTIL,3100,PHI@NOP 10/20/2021 08:00PM ET,NOP,0
PG,Grant Riller (19761126),Grant Riller,19761126,PG/G/UTIL,3100,PHI@NOP 10/20/2021 08:00PM ET,PHI,3.84
PF/C,Precious Achiuwa (19761069),Precious Achiuwa,19761069,PF/C/F/UTIL,3100,WAS@TOR 10/20/2021 07:30PM ET,TOR,10.98
C,Isaiah Todd (19761107),Isaiah Todd,19761107,C/UTIL,3100,WAS@TOR 10/20/2021 07:30PM ET,WAS,0
PG,Tre Jones (19761090),Tre Jones,19761090,PG/G/UTIL,3100,ORL@SAS 10/20/2021 08:30PM ET,SAS,5.13
SF,Admiral Schofield (19761112),Admiral Schofield,19761112,SF/F/UTIL,3100,ORL@SAS 10/20/2021 08:30PM ET,ORL,0
PG/SG,Anfernee Simons (19761093),Anfernee Simons,19761093,PG/SG/G/UTIL,3100,SAC@POR 10/20/2021 10:00PM ET,POR,13.98
C,Neemias Queta (19761115),Neemias Queta,19761115,C/UTIL,3100,SAC@POR 10/20/2021 10:00PM ET,SAC,0
PF/C,Grant Williams (19761172),Grant Williams,19761172,PF/C/F/UTIL,3000,BOS@NYK 10/20/2021 07:30PM ET,BOS,11.13
SF,Aaron Nesmith (19761204),Aaron Nesmith,19761204,SF/F/UTIL,3000,BOS@NYK 10/20/2021 07:30PM ET,BOS,9.95
PF,Luka Samanic (19761244),Luka Samanic,19761244,PF/F/UTIL,3000,BOS@NYK 10/20/2021 07:30PM ET,NYK,7.80
PF,Jabari Parker (19761254),Jabari Parker,19761254,PF/F/UTIL,3000,BOS@NYK 10/20/2021 07:30PM ET,BOS,12.28
SG,Quentin Grimes (19761257),Quentin Grimes,19761257,SG/G/UTIL,3000,BOS@NYK 10/20/2021 07:30PM ET,NYK,0
C,Bruno Fernando (19761288),Bruno Fernando,19761288,C/UTIL,3000,BOS@NYK 10/20/2021 07:30PM ET,BOS,4.47
SG,Juhann Begarin (19761301),Juhann Begarin,19761301,SG/G/UTIL,3000,BOS@NYK 10/20/2021 07:30PM ET,BOS,0
PG,Brodric Thomas (19761326),Brodric Thomas,19761326,PG/G/UTIL,3000,BOS@NYK 10/20/2021 07:30PM ET,BOS,8.85
PF,Kevin Knox II (19761381),Kevin Knox II,19761381,PF/F/UTIL,3000,BOS@NYK 10/20/2021 07:30PM ET,NYK,7.43
C,Luke Kornet (19761415),Luke Kornet,19761415,C/UTIL,3000,BOS@NYK 10/20/2021 07:30PM ET,BOS,9.15
PG,Ryan Arcidiacono (19761427),Ryan Arcidiacono,19761427,PG/G/UTIL,3000,BOS@NYK 10/20/2021 07:30PM ET,BOS,7.48
PF/C,Al Horford (19761435),Al Horford,19761435,PF/C/F/UTIL,3000,BOS@NYK 10/20/2021 07:30PM ET,BOS,31.82
SG,Brandon Knight (19761496),Brandon Knight,19761496,SG/G/UTIL,3000,BOS@NYK 10/20/2021 07:30PM ET,NYK,0
SG,Myles Powell (19761499),Myles Powell,19761499,SG/G/UTIL,3000,BOS@NYK 10/20/2021 07:30PM ET,NYK,0
SF,Aaron Sims (19761502),Aaron Sims,19761502,SF/F/UTIL,3000,BOS@NYK 10/20/2021 07:30PM ET,NYK,0
PG,Brandon Goodwin (19761505),Brandon Goodwin,19761505,PG/G/UTIL,3000,BOS@NYK 10/20/2021 07:30PM ET,NYK,10.40
SF,Wayne Selden Jr. (19761508),Wayne Selden Jr.,19761508,SF/F/UTIL,3000,BOS@NYK 10/20/2021 07:30PM ET,NYK,0
PG/SG,M.J. Walker (19761511),M.J. Walker,19761511,PG/SG/G/UTIL,3000,BOS@NYK 10/20/2021 07:30PM ET,NYK,0
SF/PF,Aamir Simms (19761515),Aamir Simms,19761515,SF/PF/F/UTIL,3000,BOS@NYK 10/20/2021 07:30PM ET,NYK,0
PG/SG,Miles McBride (19761519),Miles McBride,19761519,PG/SG/G/UTIL,3000,BOS@NYK 10/20/2021 07:30PM ET,NYK,0
PG,Rokas Jokubaitis (19761523),Rokas Jokubaitis,19761523,PG/G/UTIL,3000,BOS@NYK 10/20/2021 07:30PM ET,NYK,0
PG,Luca Vildoza (19761526),Luca Vildoza,19761526,PG/G/UTIL,3000,BOS@NYK 10/20/2021 07:30PM ET,NYK,0
PG,Chris Clemons (19761677),Chris Clemons,19761677,PG/G/UTIL,3000,BOS@NYK 10/20/2021 07:30PM ET,BOS,0
SG,Theo Pinson (19761680),Theo Pinson,19761680,SG/G/UTIL,3000,BOS@NYK 10/20/2021 07:30PM ET,BOS,0.54
PF,Sam Hauser (19761683),Sam Hauser,19761683,PF/F/UTIL,3000,BOS@NYK 10/20/2021 07:30PM ET,BOS,0
PF,Juwan Morgan (19761686),Juwan Morgan,19761686,PF/F/UTIL,3000,BOS@NYK 10/20/2021 07:30PM ET,BOS,3.14
PG/SG,Bones Hyland (19761156),Bones Hyland,19761156,PG/SG/G/UTIL,3000,DEN@PHX 10/20/2021 10:00PM ET,DEN,0
SG/SF,Landry Shamet (19761199),Landry Shamet,19761199,SG/SF/F/G/UTIL,3000,DEN@PHX 10/20/2021 10:00PM ET,PHX,14.78
PG,Elfrid Payton (19761213),Elfrid Payton,19761213,PG/G/UTIL,3000,DEN@PHX 10/20/2021 10:00PM ET,PHX,19.88
C,Tarik Black (19761225),Tarik Black,19761225,C/UTIL,3000,DEN@PHX 10/20/2021 10:00PM ET,DEN,0
SF/PF,Chandler Hutchison (19761250),Chandler Hutchison,19761250,SF/PF/F/UTIL,3000,DEN@PHX 10/20/2021 10:00PM ET,PHX,9.84
PF/C,Frank Kaminsky (19761322),Frank Kaminsky,19761322,PF/C/F/UTIL,3000,DEN@PHX 10/20/2021 10:00PM ET,PHX,14.07
PG,Markus Howard (19761335),Markus Howard,19761335,PG/G/UTIL,3000,DEN@PHX 10/20/2021 10:00PM ET,DEN,5.05
PF/C,Zeke Nnaji (19761392),Zeke Nnaji,19761392,PF/C/F/UTIL,3000,DEN@PHX 10/20/2021 10:00PM ET,DEN,6.08
SF,Vlatko Cancar (19761396),Vlatko Cancar,19761396,SF/F/UTIL,3000,DEN@PHX 10/20/2021 10:00PM ET,DEN,4.61
PF/C,Bol Bol (19761420),Bol Bol,19761420,PF/C/F/UTIL,3000,DEN@PHX 10/20/2021 10:00PM ET,DEN,3.94
SG,Ty-Shon Alexander (19761618),Ty-Shon Alexander,19761618,SG/G/UTIL,3000,DEN@PHX 10/20/2021 10:00PM ET,PHX,2.12
C,Jalen Smith (19761621),Jalen Smith,19761621,C/UTIL,3000,DEN@PHX 10/20/2021 10:00PM ET,PHX,3.88
SF/PF,Giorgi Bezhanishvili (19761775),Giorgi Bezhanishvili,19761775,SF/PF/F/UTIL,3000,DEN@PHX 10/20/2021 10:00PM ET,DEN,0
SG/SF,Matt Ryan (19761779),Matt Ryan,19761779,SG/SF/F/G/UTIL,3000,DEN@PHX 10/20/2021 10:00PM ET,DEN,0
PF/C,Isaiah Jackson (19761138),Isaiah Jackson,19761138,PF/C/F/UTIL,3000,IND@CHA 10/20/2021 07:00PM ET,IND,0
PG,Brad Wanamaker (19761186),Brad Wanamaker,19761186,PG/G/UTIL,3000,IND@CHA 10/20/2021 07:00PM ET,IND,13.26
SG,James Bouknight (19761247),James Bouknight,19761247,SG/G/UTIL,3000,IND@CHA 10/20/2021 07:00PM ET,CHA,0
PG,Keifer Sykes (19761260),Keifer Sykes,19761260,PG/G/UTIL,3000,IND@CHA 10/20/2021 07:00PM ET,IND,0
SF,Juan Pablo Vaulet (19761311),Juan Pablo Vaulet,19761311,SF/F/UTIL,3000,IND@CHA 10/20/2021 07:00PM ET,IND,0
C,Amida Brimah (19761320),Amida Brimah,19761320,C/UTIL,3000,IND@CHA 10/20/2021 07:00PM ET,IND,5.71
C,Vernon Carey Jr. (19761376),Vernon Carey Jr.,19761376,C/UTIL,3000,IND@CHA 10/20/2021 07:00PM ET,CHA,4.75
C,Nick Richards (19761430),Nick Richards,19761430,C/UTIL,3000,IND@CHA 10/20/2021 07:00PM ET,CHA,1.87
SG,LiAngelo Ball (19761444),LiAngelo Ball,19761444,SG/G/UTIL,3000,IND@CHA 10/20/2021 07:00PM ET,CHA,0
SG,Wes Iwundu (19761447),Wes Iwundu,19761447,SG/G/UTIL,3000,IND@CHA 10/20/2021 07:00PM ET,CHA,6.57
SF/PF,Cameron McGriff (19761450),Cameron McGriff,19761450,SF/PF/F/UTIL,3000,IND@CHA 10/20/2021 07:00PM ET,CHA,0
PG/SG,Jalen Crutcher (19761454),Jalen Crutcher,19761454,PG/SG/G/UTIL,3000,IND@CHA 10/20/2021 07:00PM ET,CHA,0
SF/PF,Xavier Sneed (19761458),Xavier Sneed,19761458,SF/PF/F/UTIL,3000,IND@CHA 10/20/2021 07:00PM ET,CHA,0
SG,Scottie Lewis (19761462),Scottie Lewis,19761462,SG/G/UTIL,3000,IND@CHA 10/20/2021 07:00PM ET,CHA,0
PG/SG,D.J. Carton (19761465),D.J. Carton,19761465,PG/SG/G/UTIL,3000,IND@CHA 10/20/2021 07:00PM ET,CHA,0
PG,DeJon Jarreau (19761623),DeJon Jarreau,19761623,PG/G/UTIL,3000,IND@CHA 10/20/2021 07:00PM ET,IND,0
SG/SF,Terry Taylor (19761626),Terry Taylor,19761626,SG/SF/F/G/UTIL,3000,IND@CHA 10/20/2021 07:00PM ET,IND,0
PG/SG,Duane Washington Jr. (19761631),Duane Washington Jr.,19761631,PG/SG/G/UTIL,3000,IND@CHA 10/20/2021 07:00PM ET,IND,0
SG,Nate Hinton (19761635),Nate Hinton,19761635,SG/G/UTIL,3000,IND@CHA 10/20/2021 07:00PM ET,IND,3.89
PG/SG,Ayo Dosunmu (19761146),Ayo Dosunmu,19761146,PG/SG/G/UTIL,3000,CHI@DET 10/20/2021 07:00PM ET,CHI,0
PF,Javonte Green (19761230),Javonte Green,19761230,PF/F/UTIL,3000,CHI@DET 10/20/2021 07:00PM ET,CHI,7.90
C,Tony Bradley (19761299),Tony Bradley,19761299,C/UTIL,3000,CHI@DET 10/20/2021 07:00PM ET,CHI,17.44
PG,Devon Dotson (19761338),Devon Dotson,19761338,PG/G/UTIL,3000,CHI@DET 10/20/2021 07:00PM ET,CHI,4.39
SF,Rodney McGruder (19761350),Rodney McGruder,19761350,SF/F/UTIL,3000,CHI@DET 10/20/2021 07:00PM ET,DET,10.16
C,Tyler Cook (19761399),Tyler Cook,19761399,C/UTIL,3000,CHI@DET 10/20/2021 07:00PM ET,CHI,9.70
SG,Matt Thomas (19761412),Matt Thomas,19761412,SG/G/UTIL,3000,CHI@DET 10/20/2021 07:00PM ET,CHI,4.96
C,Balsa Koprivica (19761469),Balsa Koprivica,19761469,C/UTIL,3000,CHI@DET 10/20/2021 07:00PM ET,DET,0
SG,Cassius Stanley (19761471),Cassius Stanley,19761471,SG/G/UTIL,3000,CHI@DET 10/20/2021 07:00PM ET,DET,3.56
SG,Chris Smith (19761474),Chris Smith,19761474,SG/G/UTIL,3000,CHI@DET 10/20/2021 07:00PM ET,DET,0
SF/PF,Isaiah Livers (19761477),Isaiah Livers,19761477,SF/PF/F/UTIL,3000,CHI@DET 10/20/2021 07:00PM ET,DET,0
PG,Bryce Alford (19761638),Bryce Alford,19761638,PG/G/UTIL,3000,CHI@DET 10/20/2021 07:00PM ET,CHI,0
SF/PF,Troy Baxter (19761641),Troy Baxter,19761641,SF/PF/F/UTIL,3000,CHI@DET 10/20/2021 07:00PM ET,CHI,0
PG/SG,Ethan Thompson (19761645),Ethan Thompson,19761645,PG/SG/G/UTIL,3000,CHI@DET 10/20/2021 07:00PM ET,CHI,0
SF/PF,Alize Johnson (19761649),Alize Johnson,19761649,SF/PF/F/UTIL,3000,CHI@DET 10/20/2021 07:00PM ET,CHI,11.97
C,Daniel Oturu (19761653),Daniel Oturu,19761653,C/UTIL,3000,CHI@DET 10/20/2021 07:00PM ET,CHI,4.22
PF,Jeremiah Robinson-Earl (19761153),Jeremiah Robinson-Earl,19761153,PF/F/UTIL,3000,OKC@UTA 10/20/2021 09:00PM ET,OKC,0
SF,Charlie Brown (19761166),Charlie Brown,19761166,SF/F/UTIL,3000,OKC@UTA 10/20/2021 09:00PM ET,OKC,9.58
SG,Paul Watson (19761169),Paul Watson,19761169,SG/G/UTIL,3000,OKC@UTA 10/20/2021 09:00PM ET,OKC,8.19
SG,Vit Krejci (19761268),Vit Krejci,19761268,SG/G/UTIL,3000,OKC@UTA 10/20/2021 09:00PM ET,OKC,0
SG/SF,Miye Oni (19761353),Miye Oni,19761353,SG/SF/F/G/UTIL,3000,OKC@UTA 10/20/2021 09:00PM ET,UTA,4.88
C,Udoka Azubuike (19761390),Udoka Azubuike,19761390,C/UTIL,3000,OKC@UTA 10/20/2021 09:00PM ET,UTA,2.62
PF,Malik Fitts (19761404),Malik Fitts,19761404,PF/F/UTIL,3000,OKC@UTA 10/20/2021 09:00PM ET,UTA,2.42
PF,Jarrell Brantley (19761424),Jarrell Brantley,19761424,PF/F/UTIL,3000,OKC@UTA 10/20/2021 09:00PM ET,UTA,4.73
PF,Nino Johnson (19761594),Nino Johnson,19761594,PF/F/UTIL,3000,OKC@UTA 10/20/2021 09:00PM ET,UTA,0
C,Marques Bolden (19761597),Marques Bolden,19761597,C/UTIL,3000,OKC@UTA 10/20/2021 09:00PM ET,UTA,3.58
PG/SG,Derrick Alston Jr. (19761599),Derrick Alston Jr.,19761599,PG/SG/G/UTIL,3000,OKC@UTA 10/20/2021 09:00PM ET,UTA,0
PG/SG,MaCio Teague (19761603),MaCio Teague,19761603,PG/SG/G/UTIL,3000,OKC@UTA 10/20/2021 09:00PM ET,UTA,0
SF,Elijah Hughes (19761607),Elijah Hughes,19761607,SF/F/UTIL,3000,OKC@UTA 10/20/2021 09:00PM ET,UTA,3.12
SG,Scotty Hopson (19761735),Scotty Hopson,19761735,SG/G/UTIL,3000,OKC@UTA 10/20/2021 09:00PM ET,OKC,0
PG/SG,Zavier Simpson (19761738),Zavier Simpson,19761738,PG/SG/G/UTIL,3000,OKC@UTA 10/20/2021 09:00PM ET,OKC,0
PG/SG,Justin Jaworski (19761742),Justin Jaworski,19761742,PG/SG/G/UTIL,3000,OKC@UTA 10/20/2021 09:00PM ET,OKC,0
SF/PF,Olivier Sarr (19761746),Olivier Sarr,19761746,SF/PF/F/UTIL,3000,OKC@UTA 10/20/2021 09:00PM ET,OKC,0
PF,D.J. Wilson (19761750),D.J. Wilson,19761750,PF/F/UTIL,3000,OKC@UTA 10/20/2021 09:00PM ET,OKC,12.09
SF,Melvin Frazier Jr. (19761753),Melvin Frazier Jr.,19761753,SF/F/UTIL,3000,OKC@UTA 10/20/2021 09:00PM ET,OKC,0
PG/SG,Rob Edwards (19761756),Rob Edwards,19761756,PG/SG/G/UTIL,3000,OKC@UTA 10/20/2021 09:00PM ET,OKC,0
SG,Aaron Wiggins (19761760),Aaron Wiggins,19761760,SG/G/UTIL,3000,OKC@UTA 10/20/2021 09:00PM ET,OKC,0
PF/C,Brandon Clarke (19761192),Brandon Clarke,19761192,PF/C/F/UTIL,3000,CLE@MEM 10/20/2021 08:00PM ET,MEM,22.75
PG,Tyus Jones (19761210),Tyus Jones,19761210,PG/G/UTIL,3000,CLE@MEM 10/20/2021 08:00PM ET,MEM,15.47
PG,David Stockton (19761216),David Stockton,19761216,PG/G/UTIL,3000,CLE@MEM 10/20/2021 08:00PM ET,MEM,0
PG,John Konchar (19761219),John Konchar,19761219,PG/G/UTIL,3000,CLE@MEM 10/20/2021 08:00PM ET,MEM,11.30
PG,Shaq Buchanan (19761227),Shaq Buchanan,19761227,PG/G/UTIL,3000,CLE@MEM 10/20/2021 08:00PM ET,MEM,0
SG,Sam Merrill (19761271),Sam Merrill,19761271,SG/G/UTIL,3000,CLE@MEM 10/20/2021 08:00PM ET,MEM,5.32
PG,Carsen Edwards (19761274),Carsen Edwards,19761274,PG/G/UTIL,3000,CLE@MEM 10/20/2021 08:00PM ET,MEM,6.08
SG,Dylan Windler (19761277),Dylan Windler,19761277,SG/G/UTIL,3000,CLE@MEM 10/20/2021 08:00PM ET,CLE,13.06
SF/PF,Lamar Stevens (19761295),Lamar Stevens,19761295,SF/PF/F/UTIL,3000,CLE@MEM 10/20/2021 08:00PM ET,CLE,9.36
SG,Ahmad Caver (19761308),Ahmad Caver,19761308,SG/G/UTIL,3000,CLE@MEM 10/20/2021 08:00PM ET,MEM,0
PG,Kris Dunn (19761317),Kris Dunn,19761317,PG/G/UTIL,3000,CLE@MEM 10/20/2021 08:00PM ET,MEM,5.31
C,Anderson Varejao (19761329),Anderson Varejao,19761329,C/UTIL,3000,CLE@MEM 10/20/2021 08:00PM ET,CLE,9.2
C,Tacko Fall (19761341),Tacko Fall,19761341,C/UTIL,3000,CLE@MEM 10/20/2021 08:00PM ET,CLE,8.25
PF/C,Killian Tillie (19761358),Killian Tillie,19761358,PF/C/F/UTIL,3000,CLE@MEM 10/20/2021 08:00PM ET,MEM,7.17
SG,Sean McDermott (19761417),Sean McDermott,19761417,SG/G/UTIL,3000,CLE@MEM 10/20/2021 08:00PM ET,MEM,4.40
PG,Tim Frazier (19761563),Tim Frazier,19761563,PG/G/UTIL,3000,CLE@MEM 10/20/2021 08:00PM ET,MEM,9.2
SF/PF,Romeo Weems (19761566),Romeo Weems,19761566,SF/PF/F/UTIL,3000,CLE@MEM 10/20/2021 08:00PM ET,MEM,0
SF,Yves Pons (19761570),Yves Pons,19761570,SF/F/UTIL,3000,CLE@MEM 10/20/2021 08:00PM ET,MEM,0
SF/PF,Matthew Hurt (19761573),Matthew Hurt,19761573,SF/PF/F/UTIL,3000,CLE@MEM 10/20/2021 08:00PM ET,MEM,0
PG/SG,RJ Nembhard (19761707),RJ Nembhard,19761707,PG/SG/G/UTIL,3000,CLE@MEM 10/20/2021 08:00PM ET,CLE,0
PG/SG,Mitch Ballock (19761711),Mitch Ballock,19761711,PG/SG/G/UTIL,3000,CLE@MEM 10/20/2021 08:00PM ET,CLE,0
PG,Kyle Guy (19761715),Kyle Guy,19761715,PG/G/UTIL,3000,CLE@MEM 10/20/2021 08:00PM ET,CLE,6.18
PG,Kevin Pangos (19761718),Kevin Pangos,19761718,PG/G/UTIL,3000,CLE@MEM 10/20/2021 08:00PM ET,CLE,0
PG,McKinley Wright IV (19761135),McKinley Wright IV,19761135,PG/G/UTIL,3000,HOU@MIN 10/20/2021 08:00PM ET,MIN,0
C,Alperen Sengun (19761178),Alperen Sengun,19761178,C/UTIL,3000,HOU@MIN 10/20/2021 08:00PM ET,HOU,0
SG,Leandro Bolmaro (19761189),Leandro Bolmaro,19761189,SG/G/UTIL,3000,HOU@MIN 10/20/2021 08:00PM ET,MIN,0
C,Nathan Knight (19761286),Nathan Knight,19761286,C/UTIL,3000,HOU@MIN 10/20/2021 08:00PM ET,MIN,7.09
PF,Chris Silva (19761314),Chris Silva,19761314,PF/F/UTIL,3000,HOU@MIN 10/20/2021 08:00PM ET,MIN,5.62
SF/PF,Jake Layman (19761331),Jake Layman,19761331,SF/PF/F/UTIL,3000,HOU@MIN 10/20/2021 08:00PM ET,MIN,10.03
SG,Garrison Mathews (19761370),Garrison Mathews,19761370,SG/G/UTIL,3000,HOU@MIN 10/20/2021 08:00PM ET,HOU,9.01
SG,Dante Exum (19761387),Dante Exum,19761387,SG/G/UTIL,3000,HOU@MIN 10/20/2021 08:00PM ET,HOU,12.21
SF,Vincent Edwards (19761529),Vincent Edwards,19761529,SF/F/UTIL,3000,HOU@MIN 10/20/2021 08:00PM ET,MIN,0
PG/SG,Isaiah Miller (19761532),Isaiah Miller,19761532,PG/SG/G/UTIL,3000,HOU@MIN 10/20/2021 08:00PM ET,MIN,0
PG/SG,Matt Lewis (19761536),Matt Lewis,19761536,PG/SG/G/UTIL,3000,HOU@MIN 10/20/2021 08:00PM ET,MIN,0
SF,Brian Bowen II (19761540),Brian Bowen II,19761540,SF/F/UTIL,3000,HOU@MIN 10/20/2021 08:00PM ET,MIN,1.12
PG,Marcus Foster (19761689),Marcus Foster,19761689,PG/G/UTIL,3000,HOU@MIN 10/20/2021 08:00PM ET,HOU,0
SG/SF,Tyler Bey (19761692),Tyler Bey,19761692,SG/SF/F/G/UTIL,3000,HOU@MIN 10/20/2021 08:00PM ET,HOU,2.62
PF,Mfiondu Kabengele (19761697),Mfiondu Kabengele,19761697,PF/F/UTIL,3000,HOU@MIN 10/20/2021 08:00PM ET,HOU,6.06
SF/PF,Georges Niang (19761131),Georges Niang,19761131,SF/PF/F/UTIL,3000,PHI@NOP 10/20/2021 08:00PM ET,PHI,11.88
SG,Jaden Springer (19761150),Jaden Springer,19761150,SG/G/UTIL,3000,PHI@NOP 10/20/2021 08:00PM ET,PHI,0
PF,Zylan Cheatham (19761183),Zylan Cheatham,19761183,PF/F/UTIL,3000,PHI@NOP 10/20/2021 08:00PM ET,NOP,0
PG,Shake Milton (19761222),Shake Milton,19761222,PG/G/UTIL,3000,PHI@NOP 10/20/2021 08:00PM ET,PHI,19.64
C,Charles Bassey (19761236),Charles Bassey,19761236,C/UTIL,3000,PHI@NOP 10/20/2021 08:00PM ET,PHI,0
PF,Anthony Tolliver (19761347),Anthony Tolliver,19761347,PF/F/UTIL,3000,PHI@NOP 10/20/2021 08:00PM ET,PHI,3.58
PF,Paul Reed (19761367),Paul Reed,19761367,PF/F/UTIL,3000,PHI@NOP 10/20/2021 08:00PM ET,PHI,8.27
SF,James Nunnally (19761373),James Nunnally,19761373,SF/F/UTIL,3000,PHI@NOP 10/20/2021 08:00PM ET,NOP,3.89
PG,Jared Harper (19761543),Jared Harper,19761543,PG/G/UTIL,3000,PHI@NOP 10/20/2021 08:00PM ET,NOP,0.69
PG/SG,John Petty Jr. (19761546),John Petty Jr.,19761546,PG/SG/G/UTIL,3000,PHI@NOP 10/20/2021 08:00PM ET,NOP,0
SG,Malcolm Hill (19761550),Malcolm Hill,19761550,SG/G/UTIL,3000,PHI@NOP 10/20/2021 08:00PM ET,NOP,0
PF/C,James Banks III (19761553),James Banks III,19761553,PF/C/F/UTIL,3000,PHI@NOP 10/20/2021 08:00PM ET,NOP,0
PG,Jose Alvarado (19761557),Jose Alvarado,19761557,PG/G/UTIL,3000,PHI@NOP 10/20/2021 08:00PM ET,NOP,0
SF,Daulton Hommes (19761560),Daulton Hommes,19761560,SF/F/UTIL,3000,PHI@NOP 10/20/2021 08:00PM ET,NOP,0
SF,Gary Clark (19761700),Gary Clark,19761700,SF/F/UTIL,3000,PHI@NOP 10/20/2021 08:00PM ET,PHI,9.14
SF/PF,Filip Petrusev (19761703),Filip Petrusev,19761703,SF/PF/F/UTIL,3000,PHI@NOP 10/20/2021 08:00PM ET,PHI,0
PG,Dalano Banton (19761160),Dalano Banton,19761160,PG/G/UTIL,3000,WAS@TOR 10/20/2021 07:30PM ET,TOR,0
SF,Isaac Bonga (19761207),Isaac Bonga,19761207,SF/F/UTIL,3000,WAS@TOR 10/20/2021 07:30PM ET,TOR,5.29
SF,Alex Antetokounmpo (19761233),Alex Antetokounmpo,19761233,SF/F/UTIL,3000,WAS@TOR 10/20/2021 07:30PM ET,TOR,0
SF,Sam Dekker (19761263),Sam Dekker,19761263,SF/F/UTIL,3000,WAS@TOR 10/20/2021 07:30PM ET,TOR,0
PG,Cassius Winston (19761283),Cassius Winston,19761283,PG/G/UTIL,3000,WAS@TOR 10/20/2021 07:30PM ET,WAS,3.59
SF/PF,Anthony Gill (19761304),Anthony Gill,19761304,SF/PF/F/UTIL,3000,WAS@TOR 10/20/2021 07:30PM ET,WAS,6.47
SF,Justin Champagnie (19761378),Justin Champagnie,19761378,SF/F/UTIL,3000,WAS@TOR 10/20/2021 07:30PM ET,TOR,0
SF,Josh Hall (19761384),Josh Hall,19761384,SF/F/UTIL,3000,WAS@TOR 10/20/2021 07:30PM ET,TOR,9.66
PF,Reggie Perry (19761401),Reggie Perry,19761401,PF/F/UTIL,3000,WAS@TOR 10/20/2021 07:30PM ET,TOR,7.64
PG/SG,Ashton Hagans (19761481),Ashton Hagans,19761481,PG/SG/G/UTIL,3000,WAS@TOR 10/20/2021 07:30PM ET,TOR,-0.25
SG,Breein Tyree (19761485),Breein Tyree,19761485,SG/G/UTIL,3000,WAS@TOR 10/20/2021 07:30PM ET,TOR,0
PG/SG,Ish Wainright (19761488),Ish Wainright,19761488,PG/SG/G/UTIL,3000,WAS@TOR 10/20/2021 07:30PM ET,TOR,0
PG/SG,David Johnson (19761492),David Johnson,19761492,PG/SG/G/UTIL,3000,WAS@TOR 10/20/2021 07:30PM ET,TOR,0
PG/SG,Devontae Shuler (19761655),Devontae Shuler,19761655,PG/SG/G/UTIL,3000,WAS@TOR 10/20/2021 07:30PM ET,WAS,0
PG/SG,Jordan Schakel (19761659),Jordan Schakel,19761659,PG/SG/G/UTIL,3000,WAS@TOR 10/20/2021 07:30PM ET,WAS,0
C,Jaime Echenique (19761663),Jaime Echenique,19761663,C/UTIL,3000,WAS@TOR 10/20/2021 07:30PM ET,WAS,0
PG/SG,Jordan Goodwin (19761665),Jordan Goodwin,19761665,PG/SG/G/UTIL,3000,WAS@TOR 10/20/2021 07:30PM ET,WAS,0
PG/SG,Joel Ayayi (19761669),Joel Ayayi,19761669,PG/SG/G/UTIL,3000,WAS@TOR 10/20/2021 07:30PM ET,WAS,0
PG/SG,Caleb Homesley (19761673),Caleb Homesley,19761673,PG/SG/G/UTIL,3000,WAS@TOR 10/20/2021 07:30PM ET,WAS,0
C,Drew Eubanks (19761129),Drew Eubanks,19761129,C/UTIL,3000,ORL@SAS 10/20/2021 08:30PM ET,SAS,14.40
SF/PF,Franz Wagner (19761142),Franz Wagner,19761142,SF/PF/F/UTIL,3000,ORL@SAS 10/20/2021 08:30PM ET,ORL,0
PG,Devin Cannady (19761163),Devin Cannady,19761163,PG/G/UTIL,3000,ORL@SAS 10/20/2021 08:30PM ET,ORL,6.97
C,Jock Landale (19761176),Jock Landale,19761176,C/UTIL,3000,ORL@SAS 10/20/2021 08:30PM ET,SAS,0
PF,Al-Farouq Aminu (19761196),Al-Farouq Aminu,19761196,PF/F/UTIL,3000,ORL@SAS 10/20/2021 08:30PM ET,SAS,14.5
SF,B.J. Johnson (19761241),B.J. Johnson,19761241,SF/F/UTIL,3000,ORL@SAS 10/20/2021 08:30PM ET,ORL,0
C,Jon Teske (19761266),Jon Teske,19761266,C/UTIL,3000,ORL@SAS 10/20/2021 08:30PM ET,ORL,0
PF,Keita Bates-Diop (19761280),Keita Bates-Diop,19761280,PF/F/UTIL,3000,ORL@SAS 10/20/2021 08:30PM ET,SAS,6.31
SG/SF,Joe Wieskamp (19761290),Joe Wieskamp,19761290,SG/SF/F/G/UTIL,3000,ORL@SAS 10/20/2021 08:30PM ET,SAS,0
SG,Damyean Dotson (19761577),Damyean Dotson,19761577,SG/G/UTIL,3000,ORL@SAS 10/20/2021 08:30PM ET,SAS,13.10
SG/SF,Denzel Mahoney (19761580),Denzel Mahoney,19761580,SG/SF/F/G/UTIL,3000,ORL@SAS 10/20/2021 08:30PM ET,SAS,0
SG,Jaylen Morris (19761585),Jaylen Morris,19761585,SG/G/UTIL,3000,ORL@SAS 10/20/2021 08:30PM ET,SAS,0
PF/C,Devontae Cacok (19761588),Devontae Cacok,19761588,PF/C/F/UTIL,3000,ORL@SAS 10/20/2021 08:30PM ET,SAS,4.8
C,Zach Collins (19761592),Zach Collins,19761592,C/UTIL,3000,ORL@SAS 10/20/2021 08:30PM ET,SAS,0
SF/PF,Jeremiah Tilmon (19761721),Jeremiah Tilmon,19761721,SF/PF/F/UTIL,3000,ORL@SAS 10/20/2021 08:30PM ET,ORL,0
PG/SG,Hassani Gravett (19761725),Hassani Gravett,19761725,PG/SG/G/UTIL,3000,ORL@SAS 10/20/2021 08:30PM ET,ORL,0
SG,E'Twaun Moore (19761729),E'Twaun Moore,19761729,SG/G/UTIL,3000,ORL@SAS 10/20/2021 08:30PM ET,ORL,9.62
PF,Jonathan Isaac (19761732),Jonathan Isaac,19761732,PF/F/UTIL,3000,ORL@SAS 10/20/2021 08:30PM ET,ORL,0
PF,Greg Brown (19761180),Greg Brown,19761180,PF/F/UTIL,3000,SAC@POR 10/20/2021 10:00PM ET,POR,0
PF,Emanuel Terry (19761238),Emanuel Terry,19761238,PF/F/UTIL,3000,SAC@POR 10/20/2021 10:00PM ET,SAC,0
SF/PF,Nassir Little (19761343),Nassir Little,19761343,SF/PF/F/UTIL,3000,SAC@POR 10/20/2021 10:00PM ET,POR,9.09
SG/SF,Robert Woodard II (19761362),Robert Woodard II,19761362,SG/SF/F/G/UTIL,3000,SAC@POR 10/20/2021 10:00PM ET,SAC,3.77
SG/SF,CJ Elleby (19761407),CJ Elleby,19761407,SG/SF/F/G/UTIL,3000,SAC@POR 10/20/2021 10:00PM ET,POR,4.59
SF,Keljin Blevins (19761432),Keljin Blevins,19761432,SF/F/UTIL,3000,SAC@POR 10/20/2021 10:00PM ET,POR,1.84
SG/SF,Tony Snell (19761439),Tony Snell,19761439,SG/SF/F/G/UTIL,3000,SAC@POR 10/20/2021 10:00PM ET,POR,10.08
PG,Quinn Cook (19761610),Quinn Cook,19761610,PG/G/UTIL,3000,SAC@POR 10/20/2021 10:00PM ET,POR,5.92
PF,Patrick Patterson (19761613),Patrick Patterson,19761613,PF/F/UTIL,3000,SAC@POR 10/20/2021 10:00PM ET,POR,10.34
C,Trendon Watford (19761616),Trendon Watford,19761616,C/UTIL,3000,SAC@POR 10/20/2021 10:00PM ET,POR,0
PG/SG,Ade Murkey (19761763),Ade Murkey,19761763,PG/SG/G/UTIL,3000,SAC@POR 10/20/2021 10:00PM ET,SAC,0
PG/SG,Matt Coleman III (19761767),Matt Coleman III,19761767,PG/SG/G/UTIL,3000,SAC@POR 10/20/2021 10:00PM ET,SAC,0
PG/SG,DJ Steward (19761771),DJ Steward,19761771,PG/SG/G/UTIL,3000,SAC@POR 10/20/2021 10:00PM ET,SAC,0
