Contest ID,Entry ID,PG,SG,G,SF,PF,F,C,UTIL," ",Instructions,ID,First Name,Last Name,ID + Name,Position,Team,Opponent,Game,Time,Salary,FPPG,Injury Status,Starting
9674139,145427024," "," "," "," "," "," "," "," "," ",1. The Contest ID column lists the contest you are editing; you may only edit one contest at a time," "," "," "," "," "," "," "," "," "," "," "," "," "
" "," "," "," "," "," "," "," "," "," "," ",2. The Entry ID column lists all of your contest entries for this contest," "," "," "," "," "," "," "," "," "," "," "," "," "
" "," "," "," "," "," "," "," "," "," "," ",3. Your current lineup is listed next to each entry (blank for reserved entries)," "," "," "," "," "," "," "," "," "," "," "," "," "
" "," "," "," "," "," "," "," "," "," "," ",4. You can change the lineup for an entry by entering the IDs of the players in the row next to that entry," "," "," "," "," "," "," "," "," "," "," "," "," "
" "," "," "," "," "," "," "," "," "," "," ","5. Use values from the ""ID"" or ""ID + Name"" column (you cannot use just the player's name)"," "," "," "," "," "," "," "," "," "," "," "," "," "
" "," "," "," "," "," "," "," "," "," "," ",6. For faster processing only include entries you are changing in the file you upload," "," "," "," "," "," "," "," "," "," "," "," "," "
" "," "," "," "," "," "," "," "," "," "," "," "," "," "," "," "," "," "," "," "," "," "," "," "," "
" "," "," "," "," "," "," "," "," "," "," "," ",nba.p.4387$nba.g.2373854,Derrick,Rose,nba.p.4387$nba.g.2373854 - Derrick Rose,PG,NY,CHI,NY@CHI,8:00PM EDT,23,27.6," "," "
" "," "," "," "," "," "," "," "," "," "," "," ",nba.p.4631$nba.g.2373854,Taj,Gibson,nba.p.4631$nba.g.2373854 - Taj Gibson,C,NY,CHI,NY@CHI,8:00PM EDT,10,8.7," "," "
" "," "," "," "," "," "," "," "," "," "," "," ",nba.p.4890$nba.g.2373854,Kemba,Walker,nba.p.4890$nba.g.2373854 - Kemba Walker,PG,NY,CHI,NY@CHI,8:00PM EDT,21,23.3," "," "
" "," "," "," "," "," "," "," "," "," "," "," ",nba.p.4893$nba.g.2373854,Alec,Burks,nba.p.4893$nba.g.2373854 - Alec Burks,SF,NY,CHI,NY@CHI,8:00PM EDT,12,18.6," "," "
" "," "," "," "," "," "," "," "," "," "," "," ",nba.p.5054$nba.g.2373854,Evan,Fournier,nba.p.5054$nba.g.2373854 - Evan Fournier,SG,NY,CHI,NY@CHI,8:00PM EDT,24,32.4," "," "
" "," "," "," "," "," "," "," "," "," "," "," ",nba.p.5157$nba.g.2373854,Nerlens,Noel,nba.p.5157$nba.g.2373854 - Nerlens Noel,C,NY,CHI,NY@CHI,8:00PM EDT,10,22.0,INJ," "
" "," "," "," "," "," "," "," "," "," "," "," ",nba.p.5318$nba.g.2373854,Julius,Randle,nba.p.5318$nba.g.2373854 - Julius Randle,PF,NY,CHI,NY@CHI,8:00PM EDT,44,53.5," "," "
" "," "," "," "," "," "," "," "," "," "," "," ",nba.p.5708$nba.g.2373854,Wayne,Selden Jr.,nba.p.5708$nba.g.2373854 - Wayne Selden Jr.,SG,NY,CHI,NY@CHI,8:00PM EDT,10,0.0," "," "
" "," "," "," "," "," "," "," "," "," "," "," ",nba.p.6020$nba.g.2373854,Kevin,Knox II,nba.p.6020$nba.g.2373854 - Kevin Knox II,SF,NY,CHI,NY@CHI,8:00PM EDT,10,0.5," "," "
" "," "," "," "," "," "," "," "," "," "," "," ",nba.p.6047$nba.g.2373854,Mitchell,Robinson,nba.p.6047$nba.g.2373854 - Mitchell Robinson,C,NY,CHI,NY@CHI,8:00PM EDT,17,28.0," "," "
" "," "," "," "," "," "," "," "," "," "," "," ",nba.p.6165$nba.g.2373854,RJ,Barrett,nba.p.6165$nba.g.2373854 - RJ Barrett,SF,NY,CHI,NY@CHI,8:00PM EDT,23,24.8," "," "
" "," "," "," "," "," "," "," "," "," "," "," ",nba.p.6207$nba.g.2373854,Luka,Samanic,nba.p.6207$nba.g.2373854 - Luka Samanic,PF,NY,CHI,NY@CHI,8:00PM EDT,10,7.7," "," "
" "," "," "," "," "," "," "," "," "," "," "," ",nba.p.6400$nba.g.2373854,Obi,Toppin,nba.p.6400$nba.g.2373854 - Obi Toppin,PF,NY,CHI,NY@CHI,8:00PM EDT,10,19.8," "," "
" "," "," "," "," "," "," "," "," "," "," "," ",nba.p.6417$nba.g.2373854,Immanuel,Quickley,nba.p.6417$nba.g.2373854 - Immanuel Quickley,SG,NY,CHI,NY@CHI,8:00PM EDT,10,11.0," "," "
" "," "," "," "," "," "," "," "," "," "," "," ",nba.p.6567$nba.g.2373854,Quentin,Grimes,nba.p.6567$nba.g.2373854 - Quentin Grimes,SG,NY,CHI,NY@CHI,8:00PM EDT,10,3.0," "," "
" "," "," "," "," "," "," "," "," "," "," "," ",nba.p.6578$nba.g.2373854,Miles,McBride,nba.p.6578$nba.g.2373854 - Miles McBride,PG,NY,CHI,NY@CHI,8:00PM EDT,10,1.5," "," "
" "," "," "," "," "," "," "," "," "," "," "," ",nba.p.6600$nba.g.2373854,Jericho,Sims,nba.p.6600$nba.g.2373854 - Jericho Sims,C,NY,CHI,NY@CHI,8:00PM EDT,10,6.0," "," "
" "," "," "," "," "," "," "," "," "," "," "," ",nba.p.4614$nba.g.2373854,DeMar,DeRozan,nba.p.4614$nba.g.2373854 - DeMar DeRozan,SF,CHI,NY,NY@CHI,8:00PM EDT,33,38.4," "," "
" "," "," "," "," "," "," "," "," "," "," "," ",nba.p.4897$nba.g.2373854,Nikola,Vucevic,nba.p.4897$nba.g.2373854 - Nikola Vucevic,C,CHI,NY,NY@CHI,8:00PM EDT,38,41.3," "," "
" "," "," "," "," "," "," "," "," "," "," "," ",nba.p.5324$nba.g.2373854,Zach,LaVine,nba.p.5324$nba.g.2373854 - Zach LaVine,SG,CHI,NY,NY@CHI,8:00PM EDT,36,38.9,GTD," "
" "," "," "," "," "," "," "," "," "," "," "," ",nba.p.5747$nba.g.2373854,Derrick,Jones Jr.,nba.p.5747$nba.g.2373854 - Derrick Jones Jr.,PF,CHI,NY,NY@CHI,8:00PM EDT,10,0.0," "," "
" "," "," "," "," "," "," "," "," "," "," "," ",nba.p.5754$nba.g.2373854,Alex,Caruso,nba.p.5754$nba.g.2373854 - Alex Caruso,SG,CHI,NY,NY@CHI,8:00PM EDT,11,24.9," "," "
" "," "," "," "," "," "," "," "," "," "," "," ",nba.p.5764$nba.g.2373854,Lonzo,Ball,nba.p.5764$nba.g.2373854 - Lonzo Ball,PG,CHI,NY,NY@CHI,8:00PM EDT,30,37.4," "," "
" "," "," "," "," "," "," "," "," "," "," "," ",nba.p.5841$nba.g.2373854,Tony,Bradley,nba.p.5841$nba.g.2373854 - Tony Bradley,C,CHI,NY,NY@CHI,8:00PM EDT,10,5.2," "," "
" "," "," "," "," "," "," "," "," "," "," "," ",nba.p.6026$nba.g.2373854,Troy,Brown Jr.,nba.p.6026$nba.g.2373854 - Troy Brown Jr.,SF,CHI,NY,NY@CHI,8:00PM EDT,10,6.9," "," "
" "," "," "," "," "," "," "," "," "," "," "," ",nba.p.6061$nba.g.2373854,Alize,Johnson,nba.p.6061$nba.g.2373854 - Alize Johnson,PF,CHI,NY,NY@CHI,8:00PM EDT,10,8.8," "," "
" "," "," "," "," "," "," "," "," "," "," "," ",nba.p.6169$nba.g.2373854,Coby,White,nba.p.6169$nba.g.2373854 - Coby White,PG,CHI,NY,NY@CHI,8:00PM EDT,10,27.2,INJ," "
" "," "," "," "," "," "," "," "," "," "," "," ",nba.p.6264$nba.g.2373854,Matt,Thomas,nba.p.6264$nba.g.2373854 - Matt Thomas,SG,CHI,NY,NY@CHI,8:00PM EDT,10,0.0," "," "
" "," "," "," "," "," "," "," "," "," "," "," ",nba.p.6269$nba.g.2373854,Javonte,Green,nba.p.6269$nba.g.2373854 - Javonte Green,SF,CHI,NY,NY@CHI,8:00PM EDT,10,11.9," "," "
" "," "," "," "," "," "," "," "," "," "," "," ",nba.p.6282$nba.g.2373854,Tyler,Cook,nba.p.6282$nba.g.2373854 - Tyler Cook,PF,CHI,NY,NY@CHI,8:00PM EDT,10,9.5," "," "
" "," "," "," "," "," "," "," "," "," "," "," ",nba.p.6396$nba.g.2373854,Patrick,Williams,nba.p.6396$nba.g.2373854 - Patrick Williams,PF,CHI,NY,NY@CHI,8:00PM EDT,10,13.1," "," "
" "," "," "," "," "," "," "," "," "," "," "," ",nba.p.6436$nba.g.2373854,Marko,Simonovic,nba.p.6436$nba.g.2373854 - Marko Simonovic,C,CHI,NY,NY@CHI,8:00PM EDT,10,0.0," "," "
" "," "," "," "," "," "," "," "," "," "," "," ",nba.p.6454$nba.g.2373854,Devon,Dotson,nba.p.6454$nba.g.2373854 - Devon Dotson,SG,CHI,NY,NY@CHI,8:00PM EDT,10,4.7," "," "
" "," "," "," "," "," "," "," "," "," "," "," ",nba.p.6580$nba.g.2373854,Ayo,Dosunmu,nba.p.6580$nba.g.2373854 - Ayo Dosunmu,PG,CHI,NY,NY@CHI,8:00PM EDT,10,9.3," "," "
" "," "," "," "," "," "," "," "," "," "," "," ",nba.p.4290$nba.g.2374010,Thaddeus,Young,nba.p.4290$nba.g.2374010 - Thaddeus Young,PF,SA,DAL,SA@DAL,8:30PM EDT,13,1.4," "," "
" "," "," "," "," "," "," "," "," "," "," "," ",nba.p.5322$nba.g.2374010,Doug,McDermott,nba.p.5322$nba.g.2374010 - Doug McDermott,SF,SA,DAL,SA@DAL,8:30PM EDT,10,14.5,INJ," "
" "," "," "," "," "," "," "," "," "," "," "," ",nba.p.5640$nba.g.2374010,Jakob,Poeltl,nba.p.5640$nba.g.2374010 - Jakob Poeltl,C,SA,DAL,SA@DAL,8:30PM EDT,24,38.9," "," "
" "," "," "," "," "," "," "," "," "," "," "," ",nba.p.5660$nba.g.2374010,Dejounte,Murray,nba.p.5660$nba.g.2374010 - Dejounte Murray,PG,SA,DAL,SA@DAL,8:30PM EDT,33,45.6," "," "
" "," "," "," "," "," "," "," "," "," "," "," ",nba.p.5726$nba.g.2374010,Bryn,Forbes,nba.p.5726$nba.g.2374010 - Bryn Forbes,SG,SA,DAL,SA@DAL,8:30PM EDT,10,1.5," "," "
" "," "," "," "," "," "," "," "," "," "," "," ",nba.p.5823$nba.g.2374010,Zach,Collins,nba.p.5823$nba.g.2374010 - Zach Collins,PF,SA,DAL,SA@DAL,8:30PM EDT,10,0.0,INJ," "
" "," "," "," "," "," "," "," "," "," "," "," ",nba.p.5842$nba.g.2374010,Derrick,White,nba.p.5842$nba.g.2374010 - Derrick White,SG,SA,DAL,SA@DAL,8:30PM EDT,25,34.2," "," "
" "," "," "," "," "," "," "," "," "," "," "," ",nba.p.6029$nba.g.2374010,Lonnie,Walker IV,nba.p.6029$nba.g.2374010 - Lonnie Walker IV,SG,SA,DAL,SA@DAL,8:30PM EDT,12,26.3," "," "
" "," "," "," "," "," "," "," "," "," "," "," ",nba.p.6059$nba.g.2374010,Keita,Bates-Diop,nba.p.6059$nba.g.2374010 - Keita Bates-Diop,SF,SA,DAL,SA@DAL,8:30PM EDT,10,8.9," "," "
" "," "," "," "," "," "," "," "," "," "," "," ",nba.p.6109$nba.g.2374010,Drew,Eubanks,nba.p.6109$nba.g.2374010 - Drew Eubanks,C,SA,DAL,SA@DAL,8:30PM EDT,10,13.0," "," "
" "," "," "," "," "," "," "," "," "," "," "," ",nba.p.6217$nba.g.2374010,Keldon,Johnson,nba.p.6217$nba.g.2374010 - Keldon Johnson,PF,SA,DAL,SA@DAL,8:30PM EDT,18,26.9," "," "
" "," "," "," "," "," "," "," "," "," "," "," ",nba.p.6292$nba.g.2374010,Devontae,Cacok,nba.p.6292$nba.g.2374010 - Devontae Cacok,PF,SA,DAL,SA@DAL,8:30PM EDT,10,5.0,GTD," "
" "," "," "," "," "," "," "," "," "," "," "," ",nba.p.6403$nba.g.2374010,Devin,Vassell,nba.p.6403$nba.g.2374010 - Devin Vassell,SF,SA,DAL,SA@DAL,8:30PM EDT,11,24.5," "," "
" "," "," "," "," "," "," "," "," "," "," "," ",nba.p.6433$nba.g.2374010,Tre,Jones,nba.p.6433$nba.g.2374010 - Tre Jones,PG,SA,DAL,SA@DAL,8:30PM EDT,10,2.2," "," "
" "," "," "," "," "," "," "," "," "," "," "," ",nba.p.6554$nba.g.2374010,Joshua,Primo,nba.p.6554$nba.g.2374010 - Joshua Primo,SG,SA,DAL,SA@DAL,8:30PM EDT,10,3.1," "," "
" "," "," "," "," "," "," "," "," "," "," "," ",nba.p.6583$nba.g.2374010,Joe,Wieskamp,nba.p.6583$nba.g.2374010 - Joe Wieskamp,SG,SA,DAL,SA@DAL,8:30PM EDT,10,0.0," "," "
" "," "," "," "," "," "," "," "," "," "," "," ",nba.p.6614$nba.g.2374010,Jock,Landale,nba.p.6614$nba.g.2374010 - Jock Landale,C,SA,DAL,SA@DAL,8:30PM EDT,10,2.8," "," "
" "," "," "," "," "," "," "," "," "," "," "," ",nba.p.5160$nba.g.2374010,Trey,Burke,nba.p.5160$nba.g.2374010 - Trey Burke,PG,DAL,SA,SA@DAL,8:30PM EDT,10,4.8,INJ," "
" "," "," "," "," "," "," "," "," "," "," "," ",nba.p.5194$nba.g.2374010,Tim,Hardaway Jr.,nba.p.5194$nba.g.2374010 - Tim Hardaway Jr.,SG,DAL,SA,SA@DAL,8:30PM EDT,18,25.8," "," "
" "," "," "," "," "," "," "," "," "," "," "," ",nba.p.5195$nba.g.2374010,Reggie,Bullock,nba.p.5195$nba.g.2374010 - Reggie Bullock,SG,DAL,SA,SA@DAL,8:30PM EDT,10,10.0," "," "
" "," "," "," "," "," "," "," "," "," "," "," ",nba.p.5356$nba.g.2374010,Dwight,Powell,nba.p.5356$nba.g.2374010 - Dwight Powell,C,DAL,SA,SA@DAL,8:30PM EDT,10,18.7," "," "
" "," "," "," "," "," "," "," "," "," "," "," ",nba.p.5464$nba.g.2374010,Kristaps,Porzingis,nba.p.5464$nba.g.2374010 - Kristaps Porzingis,PF,DAL,SA,SA@DAL,8:30PM EDT,28,27.2,O," "
" "," "," "," "," "," "," "," "," "," "," "," ",nba.p.5466$nba.g.2374010,Willie,Cauley-Stein,nba.p.5466$nba.g.2374010 - Willie Cauley-Stein,C,DAL,SA,SA@DAL,8:30PM EDT,10,5.5," "," "
" "," "," "," "," "," "," "," "," "," "," "," ",nba.p.5524$nba.g.2374010,Boban,Marjanovic,nba.p.5524$nba.g.2374010 - Boban Marjanovic,C,DAL,SA,SA@DAL,8:30PM EDT,10,17.3,GTD," "
" "," "," "," "," "," "," "," "," "," "," "," ",nba.p.5693$nba.g.2374010,Dorian,Finney-Smith,nba.p.5693$nba.g.2374010 - Dorian Finney-Smith,SF,DAL,SA,SA@DAL,8:30PM EDT,15,23.6," "," "
" "," "," "," "," "," "," "," "," "," "," "," ",nba.p.5821$nba.g.2374010,Frank,Ntilikina,nba.p.5821$nba.g.2374010 - Frank Ntilikina,PG,DAL,SA,SA@DAL,8:30PM EDT,10,4.1," "," "
" "," "," "," "," "," "," "," "," "," "," "," ",nba.p.5859$nba.g.2374010,Sterling,Brown,nba.p.5859$nba.g.2374010 - Sterling Brown,SG,DAL,SA,SA@DAL,8:30PM EDT,10,4.1,O," "
" "," "," "," "," "," "," "," "," "," "," "," ",nba.p.5892$nba.g.2374010,Maxi,Kleber,nba.p.5892$nba.g.2374010 - Maxi Kleber,PF,DAL,SA,SA@DAL,8:30PM EDT,10,12.7," "," "
" "," "," "," "," "," "," "," "," "," "," "," ",nba.p.6014$nba.g.2374010,Luka,Doncic,nba.p.6014$nba.g.2374010 - Luka Doncic,PG,DAL,SA,SA@DAL,8:30PM EDT,52,50.6," "," "
" "," "," "," "," "," "," "," "," "," "," "," ",nba.p.6044$nba.g.2374010,Jalen,Brunson,nba.p.6044$nba.g.2374010 - Jalen Brunson,PG,DAL,SA,SA@DAL,8:30PM EDT,11,26.2," "," "
" "," "," "," "," "," "," "," "," "," "," "," ",nba.p.6289$nba.g.2374010,Moses,Brown,nba.p.6289$nba.g.2374010 - Moses Brown,C,DAL,SA,SA@DAL,8:30PM EDT,10,9.0," "," "
" "," "," "," "," "," "," "," "," "," "," "," ",nba.p.6410$nba.g.2374010,Josh,Green,nba.p.6410$nba.g.2374010 - Josh Green,SF,DAL,SA,SA@DAL,8:30PM EDT,10,1.0," "," "
" "," "," "," "," "," "," "," "," "," "," "," ",nba.p.6620$nba.g.2374010,Eugene,Omoruyi,nba.p.6620$nba.g.2374010 - Eugene Omoruyi,SG,DAL,SA,SA@DAL,8:30PM EDT,10,0.0," "," "
" "," "," "," "," "," "," "," "," "," "," "," ",nba.p.6635$nba.g.2374010,JaQuori,McLaughlin,nba.p.6635$nba.g.2374010 - JaQuori McLaughlin,SG,DAL,SA,SA@DAL,8:30PM EDT,10,0.0," "," "
" "," "," "," "," "," "," "," "," "," "," "," ",nba.p.5163$nba.g.2374075,Steven,Adams,nba.p.5163$nba.g.2374075 - Steven Adams,C,MEM,GS,MEM@GS,10:00PM EDT,17,31.0," "," "
" "," "," "," "," "," "," "," "," "," "," "," ",nba.p.5341$nba.g.2374075,Kyle,Anderson,nba.p.5341$nba.g.2374075 - Kyle Anderson,SF,MEM,GS,MEM@GS,10:00PM EDT,20,19.1," "," "
" "," "," "," "," "," "," "," "," "," "," "," ",nba.p.5484$nba.g.2374075,Tyus,Jones,nba.p.5484$nba.g.2374075 - Tyus Jones,PG,MEM,GS,MEM@GS,10:00PM EDT,10,11.7," "," "
" "," "," "," "," "," "," "," "," "," "," "," ",nba.p.5858$nba.g.2374075,Dillon,Brooks,nba.p.5858$nba.g.2374075 - Dillon Brooks,SG,MEM,GS,MEM@GS,10:00PM EDT,24,28.0,INJ," "
" "," "," "," "," "," "," "," "," "," "," "," ",nba.p.6015$nba.g.2374075,Jaren,Jackson Jr.,nba.p.6015$nba.g.2374075 - Jaren Jackson Jr.,PF,MEM,GS,MEM@GS,10:00PM EDT,24,26.8," "," "
" "," "," "," "," "," "," "," "," "," "," "," ",nba.p.6057$nba.g.2374075,De'Anthony,Melton,nba.p.6057$nba.g.2374075 - De'Anthony Melton,SG,MEM,GS,MEM@GS,10:00PM EDT,15,26.9," "," "
" "," "," "," "," "," "," "," "," "," "," "," ",nba.p.6164$nba.g.2374075,Ja,Morant,nba.p.6164$nba.g.2374075 - Ja Morant,PG,MEM,GS,MEM@GS,10:00PM EDT,35,49.0," "," "
" "," "," "," "," "," "," "," "," "," "," "," ",nba.p.6168$nba.g.2374075,Jarrett,Culver,nba.p.6168$nba.g.2374075 - Jarrett Culver,SF,MEM,GS,MEM@GS,10:00PM EDT,10,2.2," "," "
" "," "," "," "," "," "," "," "," "," "," "," ",nba.p.6209$nba.g.2374075,Brandon,Clarke,nba.p.6209$nba.g.2374075 - Brandon Clarke,PF,MEM,GS,MEM@GS,10:00PM EDT,10,13.0," "," "
" "," "," "," "," "," "," "," "," "," "," "," ",nba.p.6255$nba.g.2374075,John,Konchar,nba.p.6255$nba.g.2374075 - John Konchar,SF,MEM,GS,MEM@GS,10:00PM EDT,10,12.8," "," "
" "," "," "," "," "," "," "," "," "," "," "," ",nba.p.6422$nba.g.2374075,Desmond,Bane,nba.p.6422$nba.g.2374075 - Desmond Bane,SF,MEM,GS,MEM@GS,10:00PM EDT,13,31.6," "," "
" "," "," "," "," "," "," "," "," "," "," "," ",nba.p.6427$nba.g.2374075,Xavier,Tillman,nba.p.6427$nba.g.2374075 - Xavier Tillman,C,MEM,GS,MEM@GS,10:00PM EDT,10,16.4," "," "
" "," "," "," "," "," "," "," "," "," "," "," ",nba.p.6452$nba.g.2374075,Sam,Merrill,nba.p.6452$nba.g.2374075 - Sam Merrill,SG,MEM,GS,MEM@GS,10:00PM EDT,10,9.0," "," "
" "," "," "," "," "," "," "," "," "," "," "," ",nba.p.6460$nba.g.2374075,Killian,Tillie,nba.p.6460$nba.g.2374075 - Killian Tillie,C,MEM,GS,MEM@GS,10:00PM EDT,10,6.2," "," "
" "," "," "," "," "," "," "," "," "," "," "," ",nba.p.6552$nba.g.2374075,Ziaire,Williams,nba.p.6552$nba.g.2374075 - Ziaire Williams,SF,MEM,GS,MEM@GS,10:00PM EDT,10,7.7," "," "
" "," "," "," "," "," "," "," "," "," "," "," ",nba.p.6572$nba.g.2374075,Santi,Aldama,nba.p.6572$nba.g.2374075 - Santi Aldama,PF,MEM,GS,MEM@GS,10:00PM EDT,10,9.4," "," "
" "," "," "," "," "," "," "," "," "," "," "," ",nba.p.6629$nba.g.2374075,Yves,Pons,nba.p.6629$nba.g.2374075 - Yves Pons,SF,MEM,GS,MEM@GS,10:00PM EDT,10,0.0," "," "
" "," "," "," "," "," "," "," "," "," "," "," ",nba.p.3826$nba.g.2374075,Andre,Iguodala,nba.p.3826$nba.g.2374075 - Andre Iguodala,PF,GS,MEM,MEM@GS,10:00PM EDT,10,18.8," "," "
" "," "," "," "," "," "," "," "," "," "," "," ",nba.p.4612$nba.g.2374075,Stephen,Curry,nba.p.4612$nba.g.2374075 - Stephen Curry,PG,GS,MEM,MEM@GS,10:00PM EDT,48,50.8," "," "
" "," "," "," "," "," "," "," "," "," "," "," ",nba.p.4766$nba.g.2374075,Nemanja,Bjelica,nba.p.4766$nba.g.2374075 - Nemanja Bjelica,PF,GS,MEM,MEM@GS,10:00PM EDT,10,15.5," "," "
" "," "," "," "," "," "," "," "," "," "," "," ",nba.p.4892$nba.g.2374075,Klay,Thompson,nba.p.4892$nba.g.2374075 - Klay Thompson,SG,GS,MEM,MEM@GS,10:00PM EDT,10,0.0,INJ," "
" "," "," "," "," "," "," "," "," "," "," "," ",nba.p.5069$nba.g.2374075,Draymond,Green,nba.p.5069$nba.g.2374075 - Draymond Green,PF,GS,MEM,MEM@GS,10:00PM EDT,28,30.1," "," "
" "," "," "," "," "," "," "," "," "," "," "," ",nba.p.5154$nba.g.2374075,Otto,Porter Jr.,nba.p.5154$nba.g.2374075 - Otto Porter Jr.,PF,GS,MEM,MEM@GS,10:00PM EDT,10,18.0," "," "
" "," "," "," "," "," "," "," "," "," "," "," ",nba.p.5292$nba.g.2374075,Andrew,Wiggins,nba.p.5292$nba.g.2374075 - Andrew Wiggins,SG,GS,MEM,MEM@GS,10:00PM EDT,26,29.8," "," "
" "," "," "," "," "," "," "," "," "," "," "," ",nba.p.5490$nba.g.2374075,Kevon,Looney,nba.p.5490$nba.g.2374075 - Kevon Looney,C,GS,MEM,MEM@GS,10:00PM EDT,10,17.3," "," "
" "," "," "," "," "," "," "," "," "," "," "," ",nba.p.5733$nba.g.2374075,Damion,Lee,nba.p.5733$nba.g.2374075 - Damion Lee,SG,GS,MEM,MEM@GS,10:00PM EDT,10,18.6," "," "
" "," "," "," "," "," "," "," "," "," "," "," ",nba.p.5739$nba.g.2374075,Gary,Payton II,nba.p.5739$nba.g.2374075 - Gary Payton II,PG,GS,MEM,MEM@GS,10:00PM EDT,10,4.5," "," "
" "," "," "," "," "," "," "," "," "," "," "," ",nba.p.6119$nba.g.2374075,Chris,Chiozza,nba.p.6119$nba.g.2374075 - Chris Chiozza,PG,GS,MEM,MEM@GS,10:00PM EDT,10,4.5," "," "
" "," "," "," "," "," "," "," "," "," "," "," ",nba.p.6216$nba.g.2374075,Jordan,Poole,nba.p.6216$nba.g.2374075 - Jordan Poole,SG,GS,MEM,MEM@GS,10:00PM EDT,18,27.9," "," "
" "," "," "," "," "," "," "," "," "," "," "," ",nba.p.6329$nba.g.2374075,Juan,Toscano-Anderson,nba.p.6329$nba.g.2374075 - Juan Toscano-Anderson,PF,GS,MEM,MEM@GS,10:00PM EDT,10,10.0," "," "
" "," "," "," "," "," "," "," "," "," "," "," ",nba.p.6356$nba.g.2374075,James,Wiseman,nba.p.6356$nba.g.2374075 - James Wiseman,C,GS,MEM,MEM@GS,10:00PM EDT,10,21.5,INJ," "
" "," "," "," "," "," "," "," "," "," "," "," ",nba.p.6549$nba.g.2374075,Jonathan,Kuminga,nba.p.6549$nba.g.2374075 - Jonathan Kuminga,SF,GS,MEM,MEM@GS,10:00PM EDT,10,0.0,INJ," "
" "," "," "," "," "," "," "," "," "," "," "," ",nba.p.6556$nba.g.2374075,Moses,Moody,nba.p.6556$nba.g.2374075 - Moses Moody,SG,GS,MEM,MEM@GS,10:00PM EDT,10,2.5," "," "
" "," "," "," "," "," "," "," "," "," "," "," ",nba.p.6636$nba.g.2374075,Jeff,Dowtin,nba.p.6636$nba.g.2374075 - Jeff Dowtin,PG,GS,MEM,MEM@GS,10:00PM EDT,10,0.0," "," "
" "," "," "," "," "," "," "," "," "," "," "," ",nba.p.3971$nba.g.2374140,Lou,Williams,nba.p.3971$nba.g.2374140 - Lou Williams,SG,ATL,WAS,ATL@WAS,7:00PM EDT,11,19.4,GTD," "
" "," "," "," "," "," "," "," "," "," "," "," ",nba.p.4468$nba.g.2374140,Danilo,Gallinari,nba.p.4468$nba.g.2374140 - Danilo Gallinari,PF,ATL,WAS,ATL@WAS,7:00PM EDT,12,20.4," "," "
" "," "," "," "," "," "," "," "," "," "," "," ",nba.p.5191$nba.g.2374140,Gorgui,Dieng,nba.p.5191$nba.g.2374140 - Gorgui Dieng,C,ATL,WAS,ATL@WAS,7:00PM EDT,11,17.9," "," "
" "," "," "," "," "," "," "," "," "," "," "," ",nba.p.5193$nba.g.2374140,Solomon,Hill,nba.p.5193$nba.g.2374140 - Solomon Hill,PF,ATL,WAS,ATL@WAS,7:00PM EDT,10,8.5," "," "
" "," "," "," "," "," "," "," "," "," "," "," ",nba.p.5336$nba.g.2374140,Clint,Capela,nba.p.5336$nba.g.2374140 - Clint Capela,C,ATL,WAS,ATL@WAS,7:00PM EDT,25,29.8," "," "
" "," "," "," "," "," "," "," "," "," "," "," ",nba.p.5338$nba.g.2374140,Bogdan,Bogdanovic,nba.p.5338$nba.g.2374140 - Bogdan Bogdanovic,SG,ATL,WAS,ATL@WAS,7:00PM EDT,19,17.8,GTD," "
" "," "," "," "," "," "," "," "," "," "," "," ",nba.p.5480$nba.g.2374140,Delon,Wright,nba.p.5480$nba.g.2374140 - Delon Wright,PG,ATL,WAS,ATL@WAS,7:00PM EDT,11,12.6," "," "
" "," "," "," "," "," "," "," "," "," "," "," ",nba.p.5655$nba.g.2374140,Timothé,Luwawu-Cabarrot,nba.p.5655$nba.g.2374140 - Timothé Luwawu-Cabarrot,SF,ATL,WAS,ATL@WAS,7:00PM EDT,10,2.0," "," "
" "," "," "," "," "," "," "," "," "," "," "," ",nba.p.5832$nba.g.2374140,John,Collins,nba.p.5832$nba.g.2374140 - John Collins,PF,ATL,WAS,ATL@WAS,7:00PM EDT,23,35.0," "," "
" "," "," "," "," "," "," "," "," "," "," "," ",nba.p.6016$nba.g.2374140,Trae,Young,nba.p.6016$nba.g.2374140 - Trae Young,PG,ATL,WAS,ATL@WAS,7:00PM EDT,43,44.7,GTD," "
" "," "," "," "," "," "," "," "," "," "," "," ",nba.p.6030$nba.g.2374140,Kevin,Huerter,nba.p.6030$nba.g.2374140 - Kevin Huerter,SF,ATL,WAS,ATL@WAS,7:00PM EDT,17,14.4,GTD," "
" "," "," "," "," "," "," "," "," "," "," "," ",nba.p.6166$nba.g.2374140,De'Andre,Hunter,nba.p.6166$nba.g.2374140 - De'Andre Hunter,SF,ATL,WAS,ATL@WAS,7:00PM EDT,12,19.5," "," "
" "," "," "," "," "," "," "," "," "," "," "," ",nba.p.6172$nba.g.2374140,Cam,Reddish,nba.p.6172$nba.g.2374140 - Cam Reddish,SF,ATL,WAS,ATL@WAS,7:00PM EDT,12,23.0," "," "
" "," "," "," "," "," "," "," "," "," "," "," ",nba.p.6398$nba.g.2374140,Onyeka,Okongwu,nba.p.6398$nba.g.2374140 - Onyeka Okongwu,C,ATL,WAS,ATL@WAS,7:00PM EDT,10,11.0,INJ," "
" "," "," "," "," "," "," "," "," "," "," "," ",nba.p.6442$nba.g.2374140,Skylar,Mays,nba.p.6442$nba.g.2374140 - Skylar Mays,SG,ATL,WAS,ATL@WAS,7:00PM EDT,10,2.1," "," "
" "," "," "," "," "," "," "," "," "," "," "," ",nba.p.6562$nba.g.2374140,Jalen,Johnson,nba.p.6562$nba.g.2374140 - Jalen Johnson,SF,ATL,WAS,ATL@WAS,7:00PM EDT,10,5.8," "," "
" "," "," "," "," "," "," "," "," "," "," "," ",nba.p.6590$nba.g.2374140,Sharife,Cooper,nba.p.6590$nba.g.2374140 - Sharife Cooper,PG,ATL,WAS,ATL@WAS,7:00PM EDT,10,1.0," "," "
" "," "," "," "," "," "," "," "," "," "," "," ",nba.p.4926$nba.g.2374140,Davis,Bertans,nba.p.4926$nba.g.2374140 - Davis Bertans,PF,WAS,ATL,ATL@WAS,7:00PM EDT,10,10.1," "," "
" "," "," "," "," "," "," "," "," "," "," "," ",nba.p.5009$nba.g.2374140,Bradley,Beal,nba.p.5009$nba.g.2374140 - Bradley Beal,SF,WAS,ATL,ATL@WAS,7:00PM EDT,40,34.4," "," "
" "," "," "," "," "," "," "," "," "," "," "," ",nba.p.5159$nba.g.2374140,Kentavious,Caldwell-Pope,nba.p.5159$nba.g.2374140 - Kentavious Caldwell-Pope,SF,WAS,ATL,ATL@WAS,7:00PM EDT,11,14.1," "," "
" "," "," "," "," "," "," "," "," "," "," "," ",nba.p.5217$nba.g.2374140,Raul,Neto,nba.p.5217$nba.g.2374140 - Raul Neto,SG,WAS,ATL,ATL@WAS,7:00PM EDT,10,21.8," "," "
" "," "," "," "," "," "," "," "," "," "," "," ",nba.p.5349$nba.g.2374140,Spencer,Dinwiddie,nba.p.5349$nba.g.2374140 - Spencer Dinwiddie,PG,WAS,ATL,ATL@WAS,7:00PM EDT,26,34.2," "," "
" "," "," "," "," "," "," "," "," "," "," "," ",nba.p.5492$nba.g.2374140,Montrezl,Harrell,nba.p.5492$nba.g.2374140 - Montrezl Harrell,C,WAS,ATL,ATL@WAS,7:00PM EDT,16,33.6," "," "
" "," "," "," "," "," "," "," "," "," "," "," ",nba.p.5840$nba.g.2374140,Kyle,Kuzma,nba.p.5840$nba.g.2374140 - Kyle Kuzma,PF,WAS,ATL,ATL@WAS,7:00PM EDT,21,33.2," "," "
" "," "," "," "," "," "," "," "," "," "," "," ",nba.p.5855$nba.g.2374140,Thomas,Bryant,nba.p.5855$nba.g.2374140 - Thomas Bryant,C,WAS,ATL,ATL@WAS,7:00PM EDT,10,26.4,INJ," "
" "," "," "," "," "," "," "," "," "," "," "," ",nba.p.6034$nba.g.2374140,Aaron,Holiday,nba.p.6034$nba.g.2374140 - Aaron Holiday,PG,WAS,ATL,ATL@WAS,7:00PM EDT,10,12.9," "," "
" "," "," "," "," "," "," "," "," "," "," "," ",nba.p.6171$nba.g.2374140,Rui,Hachimura,nba.p.6171$nba.g.2374140 - Rui Hachimura,PF,WAS,ATL,ATL@WAS,7:00PM EDT,19,24.1,INJ," "
" "," "," "," "," "," "," "," "," "," "," "," ",nba.p.6226$nba.g.2374140,Daniel,Gafford,nba.p.6226$nba.g.2374140 - Daniel Gafford,C,WAS,ATL,ATL@WAS,7:00PM EDT,18,20.4,O," "
" "," "," "," "," "," "," "," "," "," "," "," ",nba.p.6401$nba.g.2374140,Deni,Avdija,nba.p.6401$nba.g.2374140 - Deni Avdija,SF,WAS,ATL,ATL@WAS,7:00PM EDT,10,16.6," "," "
" "," "," "," "," "," "," "," "," "," "," "," ",nba.p.6445$nba.g.2374140,Cassius,Winston,nba.p.6445$nba.g.2374140 - Cassius Winston,PG,WAS,ATL,ATL@WAS,7:00PM EDT,10,3.4,INJ," "
" "," "," "," "," "," "," "," "," "," "," "," ",nba.p.6471$nba.g.2374140,Anthony,Gill,nba.p.6471$nba.g.2374140 - Anthony Gill,SF,WAS,ATL,ATL@WAS,7:00PM EDT,10,6.5,INJ," "
" "," "," "," "," "," "," "," "," "," "," "," ",nba.p.6557$nba.g.2374140,Corey,Kispert,nba.p.6557$nba.g.2374140 - Corey Kispert,SG,WAS,ATL,ATL@WAS,7:00PM EDT,10,7.4," "," "
" "," "," "," "," "," "," "," "," "," "," "," ",nba.p.6573$nba.g.2374140,Isaiah,Todd,nba.p.6573$nba.g.2374140 - Isaiah Todd,PF,WAS,ATL,ATL@WAS,7:00PM EDT,10,8.2," "," "
" "," "," "," "," "," "," "," "," "," "," "," ",nba.p.6605$nba.g.2374140,Joel,Ayayi,nba.p.6605$nba.g.2374140 - Joel Ayayi,SG,WAS,ATL,ATL@WAS,7:00PM EDT,10,0.0," "," "
" "," "," "," "," "," "," "," "," "," "," "," ",nba.p.4136$nba.g.2374162,Rudy,Gay,nba.p.4136$nba.g.2374162 - Rudy Gay,PF,UTA,HOU,UTA@HOU,8:00PM EDT,10,22.4,INJ," "
" "," "," "," "," "," "," "," "," "," "," "," ",nba.p.4246$nba.g.2374162,Mike,Conley,nba.p.4246$nba.g.2374162 - Mike Conley,PG,UTA,HOU,UTA@HOU,8:00PM EDT,22,26.6," "," "
" "," "," "," "," "," "," "," "," "," "," "," ",nba.p.4764$nba.g.2374162,Hassan,Whiteside,nba.p.4764$nba.g.2374162 - Hassan Whiteside,C,UTA,HOU,UTA@HOU,8:00PM EDT,10,22.0," "," "
" "," "," "," "," "," "," "," "," "," "," "," ",nba.p.4913$nba.g.2374162,Bojan,Bogdanovic,nba.p.4913$nba.g.2374162 - Bojan Bogdanovic,SF,UTA,HOU,UTA@HOU,8:00PM EDT,19,24.2,GTD," "
" "," "," "," "," "," "," "," "," "," "," "," ",nba.p.5197$nba.g.2374162,Rudy,Gobert,nba.p.5197$nba.g.2374162 - Rudy Gobert,C,UTA,HOU,UTA@HOU,8:00PM EDT,33,43.5," "," "
" "," "," "," "," "," "," "," "," "," "," "," ",nba.p.5357$nba.g.2374162,Jordan,Clarkson,nba.p.5357$nba.g.2374162 - Jordan Clarkson,SG,UTA,HOU,UTA@HOU,8:00PM EDT,19,23.6," "," "
" "," "," "," "," "," "," "," "," "," "," "," ",nba.p.5393$nba.g.2374162,Joe,Ingles,nba.p.5393$nba.g.2374162 - Joe Ingles,SF,UTA,HOU,UTA@HOU,8:00PM EDT,16,17.7," "," "
" "," "," "," "," "," "," "," "," "," "," "," ",nba.p.5826$nba.g.2374162,Donovan,Mitchell,nba.p.5826$nba.g.2374162 - Donovan Mitchell,SG,UTA,HOU,UTA@HOU,8:00PM EDT,39,35.0," "," "
" "," "," "," "," "," "," "," "," "," "," "," ",nba.p.5905$nba.g.2374162,Royce,O'Neale,nba.p.5905$nba.g.2374162 - Royce O'Neale,PF,UTA,HOU,UTA@HOU,8:00PM EDT,13,19.4," "," "
" "," "," "," "," "," "," "," "," "," "," "," ",nba.p.6229$nba.g.2374162,Eric,Paschall,nba.p.6229$nba.g.2374162 - Eric Paschall,PF,UTA,HOU,UTA@HOU,8:00PM EDT,10,7.4,GTD," "
" "," "," "," "," "," "," "," "," "," "," "," ",nba.p.6246$nba.g.2374162,Miye,Oni,nba.p.6246$nba.g.2374162 - Miye Oni,SG,UTA,HOU,UTA@HOU,8:00PM EDT,10,0.0,GTD," "
" "," "," "," "," "," "," "," "," "," "," "," ",nba.p.6419$nba.g.2374162,Udoka,Azubuike,nba.p.6419$nba.g.2374162 - Udoka Azubuike,C,UTA,HOU,UTA@HOU,8:00PM EDT,10,2.8," "," "
" "," "," "," "," "," "," "," "," "," "," "," ",nba.p.6431$nba.g.2374162,Elijah,Hughes,nba.p.6431$nba.g.2374162 - Elijah Hughes,SG,UTA,HOU,UTA@HOU,8:00PM EDT,10,2.0," "," "
" "," "," "," "," "," "," "," "," "," "," "," ",nba.p.6464$nba.g.2374162,Trent,Forrest,nba.p.6464$nba.g.2374162 - Trent Forrest,SG,UTA,HOU,UTA@HOU,8:00PM EDT,10,5.0," "," "
" "," "," "," "," "," "," "," "," "," "," "," ",nba.p.6480$nba.g.2374162,Malik,Fitts,nba.p.6480$nba.g.2374162 - Malik Fitts,SF,UTA,HOU,UTA@HOU,8:00PM EDT,10,1.2," "," "
" "," "," "," "," "," "," "," "," "," "," "," ",nba.p.6582$nba.g.2374162,Jared,Butler,nba.p.6582$nba.g.2374162 - Jared Butler,PG,UTA,HOU,UTA@HOU,8:00PM EDT,10,1.6," "," "
" "," "," "," "," "," "," "," "," "," "," "," ",nba.p.4469$nba.g.2374162,Eric,Gordon,nba.p.4469$nba.g.2374162 - Eric Gordon,SF,HOU,UTA,UTA@HOU,8:00PM EDT,18,21.7," "," "
" "," "," "," "," "," "," "," "," "," "," "," ",nba.p.4471$nba.g.2374162,D.J.,Augustin,nba.p.4471$nba.g.2374162 - D.J. Augustin,PG,HOU,UTA,UTA@HOU,8:00PM EDT,10,5.2," "," "
" "," "," "," "," "," "," "," "," "," "," "," ",nba.p.4716$nba.g.2374162,John,Wall,nba.p.4716$nba.g.2374162 - John Wall,PG,HOU,UTA,UTA@HOU,8:00PM EDT,10,36.7,O," "
" "," "," "," "," "," "," "," "," "," "," "," ",nba.p.5583$nba.g.2374162,Christian,Wood,nba.p.5583$nba.g.2374162 - Christian Wood,C,HOU,UTA,UTA@HOU,8:00PM EDT,36,41.2," "," "
" "," "," "," "," "," "," "," "," "," "," "," ",nba.p.5728$nba.g.2374162,Danuel,House Jr.,nba.p.5728$nba.g.2374162 - Danuel House Jr.,SG,HOU,UTA,UTA@HOU,8:00PM EDT,10,10.1,O," "
" "," "," "," "," "," "," "," "," "," "," "," ",nba.p.5762$nba.g.2374162,David,Nwaba,nba.p.5762$nba.g.2374162 - David Nwaba,SF,HOU,UTA,UTA@HOU,8:00PM EDT,10,14.5," "," "
" "," "," "," "," "," "," "," "," "," "," "," ",nba.p.5880$nba.g.2374162,Daniel,Theis,nba.p.5880$nba.g.2374162 - Daniel Theis,PF,HOU,UTA,UTA@HOU,8:00PM EDT,11,17.8," "," "
" "," "," "," "," "," "," "," "," "," "," "," ",nba.p.6218$nba.g.2374162,Kevin,Porter Jr.,nba.p.6218$nba.g.2374162 - Kevin Porter Jr.,PG,HOU,UTA,UTA@HOU,8:00PM EDT,26,26.6," "," "
" "," "," "," "," "," "," "," "," "," "," "," ",nba.p.6259$nba.g.2374162,Garrison,Mathews,nba.p.6259$nba.g.2374162 - Garrison Mathews,SG,HOU,UTA,UTA@HOU,8:00PM EDT,10,8.8," "," "
" "," "," "," "," "," "," "," "," "," "," "," ",nba.p.6285$nba.g.2374162,Armoni,Brooks,nba.p.6285$nba.g.2374162 - Armoni Brooks,PG,HOU,UTA,UTA@HOU,8:00PM EDT,10,6.8," "," "
" "," "," "," "," "," "," "," "," "," "," "," ",nba.p.6444$nba.g.2374162,KJ,Martin,nba.p.6444$nba.g.2374162 - KJ Martin,PF,HOU,UTA,UTA@HOU,8:00PM EDT,10,6.3," "," "
" "," "," "," "," "," "," "," "," "," "," "," ",nba.p.6463$nba.g.2374162,Jae'Sean,Tate,nba.p.6463$nba.g.2374162 - Jae'Sean Tate,SF,HOU,UTA,UTA@HOU,8:00PM EDT,18,23.3," "," "
" "," "," "," "," "," "," "," "," "," "," "," ",nba.p.6513$nba.g.2374162,Jalen,Green,nba.p.6513$nba.g.2374162 - Jalen Green,SG,HOU,UTA,UTA@HOU,8:00PM EDT,24,26.6," "," "
" "," "," "," "," "," "," "," "," "," "," "," ",nba.p.6558$nba.g.2374162,Alperen,Sengun,nba.p.6558$nba.g.2374162 - Alperen Sengun,C,HOU,UTA,UTA@HOU,8:00PM EDT,14,21.4," "," "
" "," "," "," "," "," "," "," "," "," "," "," ",nba.p.6565$nba.g.2374162,Usman,Garuba,nba.p.6565$nba.g.2374162 - Usman Garuba,PF,HOU,UTA,UTA@HOU,8:00PM EDT,10,10.0," "," "
" "," "," "," "," "," "," "," "," "," "," "," ",nba.p.6566$nba.g.2374162,Josh,Christopher,nba.p.6566$nba.g.2374162 - Josh Christopher,SG,HOU,UTA,UTA@HOU,8:00PM EDT,10,6.7," "," "
" "," "," "," "," "," "," "," "," "," "," "," ",nba.p.6626$nba.g.2374162,Daishen,Nix,nba.p.6626$nba.g.2374162 - Daishen Nix,SG,HOU,UTA,UTA@HOU,8:00PM EDT,10,0.0," "," "
" "," "," "," "," "," "," "," "," "," "," "," ",nba.p.4911$nba.g.2374766,Cory,Joseph,nba.p.4911$nba.g.2374766 - Cory Joseph,PG,DET,PHI,DET@PHI,7:00PM EDT,11,11.3," "," "
" "," "," "," "," "," "," "," "," "," "," "," ",nba.p.5164$nba.g.2374766,Kelly,Olynyk,nba.p.5164$nba.g.2374766 - Kelly Olynyk,C,DET,PHI,DET@PHI,7:00PM EDT,19,26.7," "," "
" "," "," "," "," "," "," "," "," "," "," "," ",nba.p.5270$nba.g.2374766,Rodney,McGruder,nba.p.5270$nba.g.2374766 - Rodney McGruder,SF,DET,PHI,DET@PHI,7:00PM EDT,10,3.4," "," "
" "," "," "," "," "," "," "," "," "," "," "," ",nba.p.5350$nba.g.2374766,Jerami,Grant,nba.p.5350$nba.g.2374766 - Jerami Grant,PF,DET,PHI,DET@PHI,7:00PM EDT,27,34.8,GTD," "
" "," "," "," "," "," "," "," "," "," "," "," ",nba.p.5472$nba.g.2374766,Trey,Lyles,nba.p.5472$nba.g.2374766 - Trey Lyles,PF,DET,PHI,DET@PHI,7:00PM EDT,10,17.8," "," "
" "," "," "," "," "," "," "," "," "," "," "," ",nba.p.5766$nba.g.2374766,Josh,Jackson,nba.p.5766$nba.g.2374766 - Josh Jackson,SG,DET,PHI,DET@PHI,7:00PM EDT,16,18.1," "," "
" "," "," "," "," "," "," "," "," "," "," "," ",nba.p.5844$nba.g.2374766,Frank,Jackson,nba.p.5844$nba.g.2374766 - Frank Jackson,PG,DET,PHI,DET@PHI,7:00PM EDT,10,5.4," "," "
" "," "," "," "," "," "," "," "," "," "," "," ",nba.p.6056$nba.g.2374766,Hamidou,Diallo,nba.p.6056$nba.g.2374766 - Hamidou Diallo,SF,DET,PHI,DET@PHI,7:00PM EDT,10,9.6," "," "
" "," "," "," "," "," "," "," "," "," "," "," ",nba.p.6399$nba.g.2374766,Killian,Hayes,nba.p.6399$nba.g.2374766 - Killian Hayes,PG,DET,PHI,DET@PHI,7:00PM EDT,12,13.5," "," "
" "," "," "," "," "," "," "," "," "," "," "," ",nba.p.6408$nba.g.2374766,Isaiah,Stewart,nba.p.6408$nba.g.2374766 - Isaiah Stewart,C,DET,PHI,DET@PHI,7:00PM EDT,21,27.0," "," "
" "," "," "," "," "," "," "," "," "," "," "," ",nba.p.6411$nba.g.2374766,Saddiq,Bey,nba.p.6411$nba.g.2374766 - Saddiq Bey,SF,DET,PHI,DET@PHI,7:00PM EDT,24,36.5," "," "
" "," "," "," "," "," "," "," "," "," "," "," ",nba.p.6430$nba.g.2374766,Saben,Lee,nba.p.6430$nba.g.2374766 - Saben Lee,PG,DET,PHI,DET@PHI,7:00PM EDT,10,3.2," "," "
" "," "," "," "," "," "," "," "," "," "," "," ",nba.p.6512$nba.g.2374766,Cade,Cunningham,nba.p.6512$nba.g.2374766 - Cade Cunningham,SG,DET,PHI,DET@PHI,7:00PM EDT,31,0.0,INJ," "
" "," "," "," "," "," "," "," "," "," "," "," ",nba.p.6584$nba.g.2374766,Isaiah,Livers,nba.p.6584$nba.g.2374766 - Isaiah Livers,SF,DET,PHI,DET@PHI,7:00PM EDT,10,0.0,INJ," "
" "," "," "," "," "," "," "," "," "," "," "," ",nba.p.6594$nba.g.2374766,Luka,Garza,nba.p.6594$nba.g.2374766 - Luka Garza,C,DET,PHI,DET@PHI,7:00PM EDT,10,9.6," "," "
" "," "," "," "," "," "," "," "," "," "," "," ",nba.p.6612$nba.g.2374766,Chris,Smith,nba.p.6612$nba.g.2374766 - Chris Smith,SF,DET,PHI,DET@PHI,7:00PM EDT,10,0.0,INJ," "
" "," "," "," "," "," "," "," "," "," "," "," ",nba.p.6644$nba.g.2374766,Jamorko,Pickett,nba.p.6644$nba.g.2374766 - Jamorko Pickett,SF,DET,PHI,DET@PHI,7:00PM EDT,10,-1.0," "," "
" "," "," "," "," "," "," "," "," "," "," "," ",nba.p.4651$nba.g.2374766,Danny,Green,nba.p.4651$nba.g.2374766 - Danny Green,SF,PHI,DET,DET@PHI,7:00PM EDT,14,13.8," "," "
" "," "," "," "," "," "," "," "," "," "," "," ",nba.p.4901$nba.g.2374766,Tobias,Harris,nba.p.4901$nba.g.2374766 - Tobias Harris,PF,PHI,DET,DET@PHI,7:00PM EDT,32,37.8," "," "
" "," "," "," "," "," "," "," "," "," "," "," ",nba.p.5015$nba.g.2374766,Andre,Drummond,nba.p.5015$nba.g.2374766 - Andre Drummond,C,PHI,DET,DET@PHI,7:00PM EDT,18,29.9," "," "
" "," "," "," "," "," "," "," "," "," "," "," ",nba.p.5245$nba.g.2374766,Seth,Curry,nba.p.5245$nba.g.2374766 - Seth Curry,SG,PHI,DET,DET@PHI,7:00PM EDT,16,23.6," "," "
" "," "," "," "," "," "," "," "," "," "," "," ",nba.p.5294$nba.g.2374766,Joel,Embiid,nba.p.5294$nba.g.2374766 - Joel Embiid,C,PHI,DET,DET@PHI,7:00PM EDT,48,43.0,GTD," "
" "," "," "," "," "," "," "," "," "," "," "," ",nba.p.5600$nba.g.2374766,Ben,Simmons,nba.p.5600$nba.g.2374766 - Ben Simmons,PG,PHI,DET,DET@PHI,7:00PM EDT,10,37.2,O," "
" "," "," "," "," "," "," "," "," "," "," "," ",nba.p.5657$nba.g.2374766,Furkan,Korkmaz,nba.p.5657$nba.g.2374766 - Furkan Korkmaz,SG,PHI,DET,DET@PHI,7:00PM EDT,10,20.4," "," "
" "," "," "," "," "," "," "," "," "," "," "," ",nba.p.5681$nba.g.2374766,Georges,Niang,nba.p.5681$nba.g.2374766 - Georges Niang,PF,PHI,DET,DET@PHI,7:00PM EDT,10,15.6," "," "
" "," "," "," "," "," "," "," "," "," "," "," ",nba.p.6065$nba.g.2374766,Shake,Milton,nba.p.6065$nba.g.2374766 - Shake Milton,PG,PHI,DET,DET@PHI,7:00PM EDT,10,19.1,INJ," "
" "," "," "," "," "," "," "," "," "," "," "," ",nba.p.6208$nba.g.2374766,Matisse,Thybulle,nba.p.6208$nba.g.2374766 - Matisse Thybulle,SF,PHI,DET,DET@PHI,7:00PM EDT,10,16.7," "," "
" "," "," "," "," "," "," "," "," "," "," "," ",nba.p.6413$nba.g.2374766,Tyrese,Maxey,nba.p.6413$nba.g.2374766 - Tyrese Maxey,PG,PHI,DET,DET@PHI,7:00PM EDT,18,24.0," "," "
" "," "," "," "," "," "," "," "," "," "," "," ",nba.p.6441$nba.g.2374766,Isaiah,Joe,nba.p.6441$nba.g.2374766 - Isaiah Joe,SG,PHI,DET,DET@PHI,7:00PM EDT,10,0.9," "," "
" "," "," "," "," "," "," "," "," "," "," "," ",nba.p.6448$nba.g.2374766,Grant,Riller,nba.p.6448$nba.g.2374766 - Grant Riller,PG,PHI,DET,DET@PHI,7:00PM EDT,10,3.8,INJ," "
" "," "," "," "," "," "," "," "," "," "," "," ",nba.p.6450$nba.g.2374766,Paul,Reed,nba.p.6450$nba.g.2374766 - Paul Reed,PF,PHI,DET,DET@PHI,7:00PM EDT,10,7.7," "," "
" "," "," "," "," "," "," "," "," "," "," "," ",nba.p.6570$nba.g.2374766,Jaden,Springer,nba.p.6570$nba.g.2374766 - Jaden Springer,SG,PHI,DET,DET@PHI,7:00PM EDT,10,0.0," "," "
" "," "," "," "," "," "," "," "," "," "," "," ",nba.p.6595$nba.g.2374766,Charles,Bassey,nba.p.6595$nba.g.2374766 - Charles Bassey,C,PHI,DET,DET@PHI,7:00PM EDT,10,3.2," "," "
" "," "," "," "," "," "," "," "," "," "," "," ",nba.p.6610$nba.g.2374766,Aaron,Henry,nba.p.6610$nba.g.2374766 - Aaron Henry,SF,PHI,DET,DET@PHI,7:00PM EDT,10,0.0," "," "
