Aaron Nesmith|Aleksej Pokusevski|CJ Elleby|Daniel Theis|Dejounte Murray|Kevin Porter|Nikola Jokic|Theo Maledon|Trae Young,1,59200.0,105.64
Aaron Nesmith|Aleksej Pokusevski|Caris LeVert|Daniel Theis|Dejounte Murray|Kevin Porter|Nikola Jokic|Theo Maledon|Trae Young,1,60000.0,77.65
Aleksej Pokusevski|Alperen Sengun|Brandon Williams|Buddy Hield|CJ Elleby|Dejounte Murray|Kevin Porter|Nikola Jokic|Theo Maledon,1,59600.0,141.51
Aleksej Pokusevski|Alperen Sengun|Brandon Williams|Buddy Hield|CJ Elleby|Dejounte Murray|Marcus Smart|Nikola Jokic|Theo Maledon,1,60000.0,141.51
Aleksej Pokusevski|Alperen Sengun|Brandon Williams|Buddy Hield|Dejounte Murray|Keon Johnson|Kevin Porter|Nikola Jokic|Theo Maledon,1,59300.0,142.34
Aleksej Pokusevski|Alperen Sengun|Brandon Williams|CJ Elleby|Caris LeVert|Darius Garland|Nikola Jokic|Theo Maledon|Tyrese Haliburton,1,59500.0,141.51
Aleksej Pokusevski|Alperen Sengun|Brandon Williams|CJ Elleby|Dejounte Murray|Kevin Porter|Marcus Smart|Nikola Jokic|Theo Maledon,1,59400.0,141.51
Aleksej Pokusevski|Alperen Sengun|Brandon Williams|CJ Elleby|Dejounte Murray|Kyle Anderson|Nikola Jokic|Theo Maledon|Tyrese Haliburton,1,59700.0,141.51
Aleksej Pokusevski|Alperen Sengun|Brandon Williams|Caris LeVert|Dejounte Murray|Elijah Hughes|Nikola Jokic|Theo Maledon|Tyrese Haliburton,1,59700.0,136.14
Aleksej Pokusevski|Alperen Sengun|Buddy Hield|CJ Elleby|Caris LeVert|Darius Garland|Nikola Jokic|Theo Maledon|Tyrese Haliburton,1,60000.0,105.64
Aleksej Pokusevski|Alperen Sengun|Buddy Hield|CJ Elleby|Dejounte Murray|Keon Johnson|Nikola Jokic|Theo Maledon|Tyrese Haliburton,2,59600.0,134.46
Aleksej Pokusevski|Alperen Sengun|Buddy Hield|CJ Elleby|Dejounte Murray|Kevin Porter|Marcus Smart|Nikola Jokic|Theo Maledon,1,59900.0,105.64
Aleksej Pokusevski|Alperen Sengun|Buddy Hield|Caris LeVert|Dejounte Murray|Kevin Porter|Kris Dunn|Nikola Jokic|Theo Maledon,1,59500.0,107.98
Aleksej Pokusevski|Alperen Sengun|Buddy Hield|Dejounte Murray|Keon Johnson|Kevin Porter|Marcus Smart|Nikola Jokic|Theo Maledon,1,59600.0,106.47
Aleksej Pokusevski|Alperen Sengun|Buddy Hield|Dejounte Murray|Keon Johnson|Kyle Anderson|Nikola Jokic|Theo Maledon|Tyrese Haliburton,1,59900.0,106.47
Aleksej Pokusevski|Alperen Sengun|CJ Elleby|Caris LeVert|Darius Garland|Kevin Porter|Nikola Jokic|Theo Maledon|Tyrese Haliburton,1,59400.0,105.64
Aleksej Pokusevski|Alperen Sengun|CJ Elleby|Caris LeVert|Dejounte Murray|Derrick White|Nikola Jokic|Theo Maledon|Tyrese Haliburton,1,59900.0,105.64
Aleksej Pokusevski|Alperen Sengun|CJ Elleby|Caris LeVert|Dejounte Murray|Drew Eubanks|Theo Maledon|Trae Young|Tyrese Haliburton,1,60000.0,144.42
Aleksej Pokusevski|Alperen Sengun|CJ Elleby|Daniel Theis|Darius Garland|Dejounte Murray|Kevin Porter|Theo Maledon|Trae Young,1,60000.0,105.64
Aleksej Pokusevski|Alperen Sengun|CJ Elleby|Darius Garland|Dejounte Murray|Drew Eubanks|Kevin Porter|Theo Maledon|Tyrese Haliburton,1,59900.0,144.42
Aleksej Pokusevski|Alperen Sengun|CJ Elleby|Darius Garland|Derrick White|Kevin Porter|Nikola Jokic|Theo Maledon|Tyrese Haliburton,1,59900.0,105.64
Aleksej Pokusevski|Alperen Sengun|CJ Elleby|Dejounte Murray|Keon Johnson|Kevin Porter|Nikola Jokic|Theo Maledon|Tyrese Haliburton,2,59000.0,134.46
Aleksej Pokusevski|Alperen Sengun|CJ Elleby|Dejounte Murray|Kevin Porter|Kris Dunn|Nikola Jokic|Theo Maledon|Tyrese Haliburton,1,60000.0,135.97
Aleksej Pokusevski|Alperen Sengun|CJ Elleby|Dejounte Murray|Kyle Anderson|Marcus Smart|Nikola Jokic|Theo Maledon|Tyrese Haliburton,1,60000.0,105.64
Aleksej Pokusevski|Alperen Sengun|Caris LeVert|Dejounte Murray|Derrick White|Kevin Porter|Marcus Smart|Nikola Jokic|Theo Maledon,1,59900.0,77.65
Aleksej Pokusevski|Alperen Sengun|Caris LeVert|Dejounte Murray|Elijah Hughes|Kevin Porter|Nikola Jokic|Theo Maledon|Tyrese Haliburton,1,59600.0,100.27
Aleksej Pokusevski|Alperen Sengun|Caris LeVert|Dejounte Murray|Keon Johnson|Kevin Porter|Nikola Jokic|Theo Maledon|Tyrese Haliburton,3,59800.0,106.47
Aleksej Pokusevski|Bam Adebayo|Brandon Williams|Buddy Hield|CJ Elleby|Dejounte Murray|Keon Johnson|Nikola Jokic|Theo Maledon,1,60000.0,170.33
Aleksej Pokusevski|Bogdan Bogdanovic|Caris LeVert|Daniel Theis|Dejounte Murray|Kevin Porter|Nikola Jokic|Theo Maledon|Tyrese Haliburton,1,60000.0,77.65
Aleksej Pokusevski|Brandon Williams|Buddy Hield|CJ Elleby|Daniel Theis|Dejounte Murray|Jimmy Butler|Nikola Jokic|Theo Maledon,1,59900.0,141.51
Aleksej Pokusevski|Brandon Williams|Buddy Hield|CJ Elleby|Daniel Theis|Dejounte Murray|Nikola Jokic|Theo Maledon|Tyrese Haliburton,1,59400.0,141.51
Aleksej Pokusevski|Brandon Williams|Buddy Hield|CJ Elleby|Dejounte Murray|Drew Eubanks|Kevin Porter|Nikola Jokic|Theo Maledon,1,60000.0,180.29
Aleksej Pokusevski|Brandon Williams|Buddy Hield|CJ Elleby|Dejounte Murray|Kyle Anderson|Nikola Jokic|Theo Maledon|Tyrese Haliburton,1,60000.0,141.51
Aleksej Pokusevski|Brandon Williams|CJ Elleby|Caris LeVert|Daniel Theis|Darius Garland|Dejounte Murray|Nikola Jokic|Theo Maledon,4,59900.0,141.51
Aleksej Pokusevski|Brandon Williams|CJ Elleby|Caris LeVert|Dejounte Murray|Evan Mobley|Kevin Porter|Nikola Jokic|Theo Maledon,1,59600.0,141.51
Aleksej Pokusevski|Brandon Williams|CJ Elleby|Dejounte Murray|Keon Johnson|Kevin Porter|Nikola Jokic|Pascal Siakam|Theo Maledon,1,59900.0,170.33
Aleksej Pokusevski|Brandon Williams|CJ Elleby|Dejounte Murray|Kevin Porter|Kyle Anderson|Nikola Jokic|Theo Maledon|Tyrese Haliburton,1,59400.0,141.51
Aleksej Pokusevski|Brandon Williams|Caris LeVert|Daniel Theis|Dejounte Murray|Kevin Porter|Nikola Jokic|Theo Maledon|Tyrese Haliburton,2,59600.0,113.52
Aleksej Pokusevski|Buddy Hield|CJ Elleby|Daniel Theis|Darius Garland|Dejounte Murray|Keon Johnson|Kevin Porter|Nikola Jokic,1,60000.0,96.49
Aleksej Pokusevski|Buddy Hield|CJ Elleby|Daniel Theis|Dejounte Murray|Marcus Smart|Nikola Jokic|Theo Maledon|Tyrese Haliburton,1,59700.0,105.64
Aleksej Pokusevski|Buddy Hield|Caris LeVert|Daniel Theis|Dejounte Murray|Derrick White|Nikola Jokic|Theo Maledon|Tyrese Haliburton,1,59900.0,77.65
Aleksej Pokusevski|Buddy Hield|Daniel Theis|Dejounte Murray|Kevin Porter|Kris Dunn|Nikola Jokic|Theo Maledon|Tyrese Haliburton,2,60000.0,107.98
Aleksej Pokusevski|Buddy Hield|Dejounte Murray|Drew Eubanks|Keon Johnson|Kevin Porter|Marcus Smart|Nikola Jokic|Theo Maledon,1,60000.0,145.25
Aleksej Pokusevski|CJ Elleby|Caris LeVert|Daniel Theis|Darius Garland|Dejounte Murray|Kevin Porter|Nikola Jokic|Theo Maledon,1,59800.0,105.64
Aleksej Pokusevski|CJ Elleby|Caris LeVert|Daniel Theis|Dejounte Murray|Keon Johnson|Kevin Porter|Nikola Jokic|Trae Young,1,59500.0,96.49
Aleksej Pokusevski|CJ Elleby|Daniel Theis|Darius Garland|Dejounte Murray|Kevin Porter|Kris Dunn|Nikola Jokic|Theo Maledon,1,59700.0,135.97
Aleksej Pokusevski|CJ Elleby|Daniel Theis|Dejounte Murray|Keon Johnson|Kevin Porter|Nikola Jokic|Theo Maledon|Trae Young,2,59500.0,134.46
Aleksej Pokusevski|CJ Elleby|Daniel Theis|Dejounte Murray|Kevin Porter|Marcus Smart|Nikola Jokic|Theo Maledon|Tyrese Haliburton,2,59100.0,105.64
Aleksej Pokusevski|CJ Elleby|Daniel Theis|Dejounte Murray|Kevin Porter|Nikola Jokic|Terry Rozier|Theo Maledon|Tyrese Haliburton,1,59900.0,105.64
Aleksej Pokusevski|CJ Elleby|Dejounte Murray|Jae'Sean Tate|Keon Johnson|Kevin Porter|Nikola Jokic|Theo Maledon|Trae Young,1,59800.0,134.46
Aleksej Pokusevski|CJ Elleby|Dejounte Murray|Kevin Porter|Kyle Anderson|Marcus Smart|Nikola Jokic|Theo Maledon|Tyrese Haliburton,1,59700.0,105.64
Aleksej Pokusevski|Caris LeVert|Daniel Theis|Darius Garland|Dejounte Murray|Keon Johnson|Kevin Porter|Nikola Jokic|Theo Maledon,1,59500.0,106.47
Aleksej Pokusevski|Caris LeVert|Daniel Theis|Dejounte Murray|Dillon Brooks|Kevin Porter|Nikola Jokic|Theo Maledon|Tyrese Haliburton,1,59900.0,77.65
Aleksej Pokusevski|Caris LeVert|Daniel Theis|Dejounte Murray|Kevin Porter|Marcus Smart|Nikola Jokic|Theo Maledon|Tyrese Haliburton,2,59900.0,77.65
Alperen Sengun|Brandon Williams|Buddy Hield|Caris LeVert|Daniel Theis|Dejounte Murray|Nikola Jokic|Theo Maledon|Tyrese Haliburton,2,59800.0,73.84
Alperen Sengun|Brandon Williams|Buddy Hield|Daniel Theis|Darius Garland|Kevin Porter|Nikola Jokic|Theo Maledon|Tyrese Haliburton,1,59800.0,73.84
Alperen Sengun|Brandon Williams|CJ Elleby|Caris LeVert|Daniel Theis|Darius Garland|Dejounte Murray|Nikola Jokic|Theo Maledon,1,59500.0,101.83
Alperen Sengun|Brandon Williams|Caris LeVert|Dejounte Murray|Kevin Porter|Kyle Anderson|Nikola Jokic|Theo Maledon|Tyrese Haliburton,1,59800.0,73.84
Alperen Sengun|Buddy Hield|CJ Elleby|Caris LeVert|Daniel Theis|Darius Garland|Dejounte Murray|Nikola Jokic|Theo Maledon,2,60000.0,65.96
Alperen Sengun|Buddy Hield|CJ Elleby|Daniel Theis|Dejounte Murray|Keon Johnson|Nikola Jokic|Theo Maledon|Trae Young,2,59700.0,94.78
Alperen Sengun|Buddy Hield|Caris LeVert|Daniel Theis|Darius Garland|Dejounte Murray|Keon Johnson|Nikola Jokic|Theo Maledon,1,59700.0,66.79
Alperen Sengun|Buddy Hield|Caris LeVert|Daniel Theis|Dejounte Murray|Kevin Porter|Nikola Jokic|Theo Maledon|Tyrese Haliburton,1,59700.0,37.97
Alperen Sengun|CJ Elleby|Caris LeVert|Darius Garland|Dejounte Murray|Kevin Porter|Kyle Anderson|Nikola Jokic|Theo Maledon,2,60000.0,65.96
Alperen Sengun|CJ Elleby|Caris LeVert|Dejounte Murray|Isaiah Roby|Kevin Porter|Nikola Jokic|Theo Maledon|Tyrese Haliburton,1,59600.0,99.31
Alperen Sengun|CJ Elleby|Daniel Theis|Darius Garland|Dejounte Murray|Drew Eubanks|Kevin Porter|Theo Maledon|Trae Young,1,60000.0,104.74
Alperen Sengun|CJ Elleby|Dejounte Murray|Keon Johnson|Kevin Porter|Kyle Anderson|Nikola Jokic|Theo Maledon|Trae Young,1,59700.0,94.78
Alperen Sengun|Caris LeVert|Daniel Theis|Dejounte Murray|Keon Johnson|Kevin Porter|Nikola Jokic|Theo Maledon|Trae Young,4,59900.0,66.79
Brandon Williams|Buddy Hield|CJ Elleby|Daniel Theis|Dejounte Murray|Kevin Porter|Nikola Jokic|Pascal Siakam|Theo Maledon,1,59800.0,101.83
CJ Elleby|Caris LeVert|Daniel Theis|Dejounte Murray|Julius Randle|Kevin Porter|Nikola Jokic|Theo Maledon|Tyrese Haliburton,1,60000.0,65.96
CJ Elleby|Daniel Theis|Dejounte Murray|Kevin Porter|Kyle Anderson|Marcus Smart|Nikola Jokic|Theo Maledon|Trae Young,1,59800.0,65.96
